,SMILES,MolObject,MutationList,HeavyAtoms,ID,Charge,MolMass,Predecessor,Score,Density100C,DViscosity40C,DViscosity100C,KViscosity40C,KViscosity100C,KVI,DVI,ThermalConductivity,PourPoint,DiffusionCoefficient,Density40C
0,CCCCCCCCO,<rdkit.Chem.rdchem.Mol object at 0x14e09624a2e0>,"['AddAtom', 'InsertAromatic', 'ReplaceAtom']",9,Generation_1_Molecule_0,0.00000,130.231,<rdkit.Chem.rdchem.Mol object at 0x14e09621ff20>,,,,,,,,,,,,
1,CCCCO,<rdkit.Chem.rdchem.Mol object at 0x14e09624a430>,"[None, 'ReplaceAtom', 'ReplaceBond']",5,Generation_1_Molecule_1,-0.00000,74.12299999999999,<rdkit.Chem.rdchem.Mol object at 0x14e09621fd60>,,,,,,,,,,,,
2,CCCC(O)(CC)CC,<rdkit.Chem.rdchem.Mol object at 0x14e09624a660>,"['RemoveAtom', 'RemoveAtom', 'AddAtom']",9,Generation_1_Molecule_2,0.00000,130.231,<rdkit.Chem.rdchem.Mol object at 0x14e09621fe40>,,,,,,,,,,,,
3,CCCOC,<rdkit.Chem.rdchem.Mol object at 0x14e09624a740>,"[None, 'ReplaceAtom', 'InsertAromatic']",5,Generation_1_Molecule_3,-0.00000,74.12299999999999,<rdkit.Chem.rdchem.Mol object at 0x14e09621fd60>,,,,,,,,,,,,
4,CCCCCC,<rdkit.Chem.rdchem.Mol object at 0x14e09624a820>,"[None, 'RemoveAtom', 'AddAtom']",6,Generation_1_Molecule_4,-0.00000,86.178,<rdkit.Chem.rdchem.Mol object at 0x14e09624a4a0>,,,,,,,,,,,,
5,Oc1ccccc1,<rdkit.Chem.rdchem.Mol object at 0x14e09624a9e0>,"[None, 'AddAtom', 'AddAtom']",7,Generation_1_Molecule_5,0.00000,94.113,<rdkit.Chem.rdchem.Mol object at 0x14e09624a120>,,,,,,,,,,,,
6,CCCCCC(O)CC,<rdkit.Chem.rdchem.Mol object at 0x14e09624a580>,"['RemoveAtom', 'ReplaceBond', 'AddAtom']",9,Generation_1_Molecule_6,0.00000,130.231,<rdkit.Chem.rdchem.Mol object at 0x14e09621ff90>,,,,,,,,,,,,
7,CCCCCO,<rdkit.Chem.rdchem.Mol object at 0x14e09624a970>,"[None, 'ReplaceAtom', 'RemoveAtom']",6,Generation_1_Molecule_7,-0.00000,88.14999999999999,<rdkit.Chem.rdchem.Mol object at 0x14e09624a040>,,,,,,,,,,,,
8,CC=CCCCCC,<rdkit.Chem.rdchem.Mol object at 0x14e09624a5f0>,"[None, 'ReplaceBond', 'RemoveAtom']",8,Generation_1_Molecule_8,0.00000,112.216,<rdkit.Chem.rdchem.Mol object at 0x14e09621ff90>,,,,,,,,,,,,
9,CCCCCOCC,<rdkit.Chem.rdchem.Mol object at 0x14e09624aa50>,"['RemoveAtom', 'ReplaceAtom', 'AddAtom']",8,Generation_1_Molecule_9,-0.00000,116.204,<rdkit.Chem.rdchem.Mol object at 0x14e09621ff90>,,,,,,,,,,,,
10,CCCC(CC)CCC,<rdkit.Chem.rdchem.Mol object at 0x14e09624a890>,"['RemoveAtom', 'RemoveAtom', 'ReplaceBond']",9,Generation_1_Molecule_10,0.00000,128.259,<rdkit.Chem.rdchem.Mol object at 0x14e09621fe40>,,,,,,,,,,,,
11,CCCCCO,<rdkit.Chem.rdchem.Mol object at 0x14e09624a7b0>,"[None, 'ReplaceAtom', 'RemoveAtom']",6,Generation_1_Molecule_11,-0.00000,88.14999999999999,<rdkit.Chem.rdchem.Mol object at 0x14e09621fdd0>,,,,,,,,,,,,
12,CCCCCCCO,<rdkit.Chem.rdchem.Mol object at 0x14e09624a900>,"['AddAtom', 'RemoveAtom', 'ReplaceAtom']",8,Generation_1_Molecule_12,0.00000,116.204,<rdkit.Chem.rdchem.Mol object at 0x14e09624a0b0>,,,,,,,,,,,,
13,CCCCO,<rdkit.Chem.rdchem.Mol object at 0x14e09624ab30>,"['ReplaceAtom', 'ReplaceBond', 'ReplaceBond']",5,Generation_1_Molecule_13,-0.00000,74.12299999999999,<rdkit.Chem.rdchem.Mol object at 0x14e096264dd0>,,,,,,,,,,,,
14,CCCC(=O)CC,<rdkit.Chem.rdchem.Mol object at 0x14e09624aba0>,"[None, 'AddAtom', 'ReplaceBond']",7,Generation_1_Molecule_14,-0.00000,100.161,<rdkit.Chem.rdchem.Mol object at 0x14e09621fdd0>,,,,,,,,,,,,
15,CC=C(CC)CC,<rdkit.Chem.rdchem.Mol object at 0x14e09624add0>,"[None, 'RemoveAtom', 'AddAtom']",7,Generation_1_Molecule_15,-0.00000,98.189,<rdkit.Chem.rdchem.Mol object at 0x14e09624acf0>,,,,,,,,,,,,
16,CCC(C)C,<rdkit.Chem.rdchem.Mol object at 0x14e09624aeb0>,"[None, 'AddAtom', 'AddAtom']",5,Generation_1_Molecule_16,-0.00000,72.151,<rdkit.Chem.rdchem.Mol object at 0x14e096264dd0>,,,,,,,,,,,,
17,CCCOCC,<rdkit.Chem.rdchem.Mol object at 0x14e09624ad60>,"[None, 'ReplaceAtom', 'AddFragment']",6,Generation_1_Molecule_17,-0.00000,88.14999999999999,<rdkit.Chem.rdchem.Mol object at 0x14e09621fdd0>,,,,,,,,,,,,
18,CCCCCCCCCCCCC,<rdkit.Chem.rdchem.Mol object at 0x14e09624af20>,"['AddAtom', 'RemoveAtom', 'RemoveAtom']",13,Generation_1_Molecule_18,0.00000,184.367,<rdkit.Chem.rdchem.Mol object at 0x14e09621fd60>,,,,,,,,,,,,
19,CCCCC(C)C,<rdkit.Chem.rdchem.Mol object at 0x14e09624ac10>,"['AddAtom', 'AddAtom', 'RemoveAtom']",7,Generation_1_Molecule_19,-0.00000,100.205,<rdkit.Chem.rdchem.Mol object at 0x14e09621fdd0>,,,,,,,,,,,,
20,C=C(CC)C(C)CC,<rdkit.Chem.rdchem.Mol object at 0x14e09624ae40>,"[None, 'AddAtom', 'ReplaceBond']",8,Generation_1_Molecule_20,-0.00000,112.216,<rdkit.Chem.rdchem.Mol object at 0x14e09621feb0>,,,,,,,,,,,,
21,CC=C(CC)CCC,<rdkit.Chem.rdchem.Mol object at 0x14e09624ac80>,"[None, 'ReplaceBond', 'RemoveAtom']",8,Generation_1_Molecule_21,0.00000,112.216,<rdkit.Chem.rdchem.Mol object at 0x14e09621fe40>,,,,,,,,,,,,
22,CCCOCCC,<rdkit.Chem.rdchem.Mol object at 0x14e09624aac0>,"[None, 'ReplaceAtom', 'AddAtom']",7,Generation_1_Molecule_22,0.00000,102.17699999999999,<rdkit.Chem.rdchem.Mol object at 0x14e09624a0b0>,,,,,,,,,,,,
23,CCCCC,<rdkit.Chem.rdchem.Mol object at 0x14e09624a3c0>,"[None, 'RemoveAtom', 'ReplaceBond']",5,Generation_1_Molecule_23,-0.00000,72.151,<rdkit.Chem.rdchem.Mol object at 0x14e0961f8120>,,,,,,,,,,,,
24,CCCCC,<rdkit.Chem.rdchem.Mol object at 0x14e09624a510>,"[None, None, 'RemoveAtom']",5,Generation_1_Molecule_24,-0.00000,72.151,<rdkit.Chem.rdchem.Mol object at 0x14e09624af90>,,,,,,,,,,,,
25,CCCC(C)CC,<rdkit.Chem.rdchem.Mol object at 0x14e0961f8430>,"[None, 'RemoveAtom', 'ReplaceBond']",7,Generation_1_Molecule_25,-0.00000,100.205,<rdkit.Chem.rdchem.Mol object at 0x14e09624a6d0>,,,,,,,,,,,,
26,CCCCc1cccc(CC)c1,<rdkit.Chem.rdchem.Mol object at 0x14e0961f80b0>,"['RemoveAtom', 'ReplaceBond', 'AddAtom']",12,Generation_1_Molecule_26,0.00000,162.276,<rdkit.Chem.rdchem.Mol object at 0x14e09624a040>,,,,,,,,,,,,
27,C=C(C)CCCCCCC,<rdkit.Chem.rdchem.Mol object at 0x14e0961f8040>,"['ReplaceAtom', 'InsertAromatic', 'RemoveAtom']",10,Generation_1_Molecule_27,0.00000,140.26999999999998,<rdkit.Chem.rdchem.Mol object at 0x14e09621ff20>,,,,,,,,,,,,
28,CC=CCC,<rdkit.Chem.rdchem.Mol object at 0x14e0961f83c0>,"[None, None, 'ReplaceBond']",5,Generation_1_Molecule_28,-0.00000,70.13499999999999,<rdkit.Chem.rdchem.Mol object at 0x14e09621fd60>,,,,,,,,,,,,
29,CCCCCCCCC(CC)CCC,<rdkit.Chem.rdchem.Mol object at 0x14e0961f82e0>,"['ReplaceBond', 'ReplaceAtom', 'ReplaceAtom']",14,Generation_1_Molecule_29,0.00000,198.394,<rdkit.Chem.rdchem.Mol object at 0x14e09624a040>,,,,,,,,,,,,
30,CCC(C)CC,<rdkit.Chem.rdchem.Mol object at 0x14e0961f8190>,"['AddAtom', 'RemoveAtom', 'InsertAromatic']",6,Generation_1_Molecule_30,-0.00000,86.178,<rdkit.Chem.rdchem.Mol object at 0x14e09621fd60>,,,,,,,,,,,,
31,CCCCc1ccccc1CC,<rdkit.Chem.rdchem.Mol object at 0x14e0961f8660>,"['ReplaceAtom', 'RemoveAtom', 'ReplaceAtom']",12,Generation_1_Molecule_31,0.00000,162.276,<rdkit.Chem.rdchem.Mol object at 0x14e09621fdd0>,,,,,,,,,,,,
32,CCCc1ccccc1CC,<rdkit.Chem.rdchem.Mol object at 0x14e0961f85f0>,"['AddAtom', 'InsertAromatic', 'InsertAromatic']",11,Generation_1_Molecule_32,0.00000,148.24899999999997,<rdkit.Chem.rdchem.Mol object at 0x14e09621fd60>,,,,,,,,,,,,
33,CCCc1ccccc1CCC,<rdkit.Chem.rdchem.Mol object at 0x14e0961f8580>,"['AddAtom', 'RemoveAtom', 'ReplaceBond']",12,Generation_1_Molecule_33,0.00000,162.276,<rdkit.Chem.rdchem.Mol object at 0x14e09624a040>,,,,,,,,,,,,
34,CCCCCC(C)CC,<rdkit.Chem.rdchem.Mol object at 0x14e0961f84a0>,"['ReplaceAtom', 'InsertAromatic', 'RemoveAtom']",9,Generation_1_Molecule_34,0.00000,128.259,<rdkit.Chem.rdchem.Mol object at 0x14e09621ff90>,,,,,,,,,,,,
35,CC=CCCC,<rdkit.Chem.rdchem.Mol object at 0x14e0961f8740>,"[None, 'ReplaceBond', 'AddAtom']",6,Generation_1_Molecule_35,-0.00000,84.162,<rdkit.Chem.rdchem.Mol object at 0x14e09621fdd0>,,,,,,,,,,,,
36,CCC(C)CCc1ccccc1C,<rdkit.Chem.rdchem.Mol object at 0x14e0961f8820>,"['RemoveAtom', 'AddAtom', 'ReplaceBond']",13,Generation_1_Molecule_36,0.00000,176.303,<rdkit.Chem.rdchem.Mol object at 0x14e09621feb0>,,,,,,,,,,,,
37,CCCCCCc1cccc(CCC)c1,<rdkit.Chem.rdchem.Mol object at 0x14e0961f8890>,"['RemoveAtom', 'ReplaceBond', 'RemoveAtom']",15,Generation_1_Molecule_37,0.00000,204.357,<rdkit.Chem.rdchem.Mol object at 0x14e09621ff20>,,,,,,,,,,,,
38,CCCC(C)CO,<rdkit.Chem.rdchem.Mol object at 0x14e0961f8270>,"[None, 'ReplaceAtom', 'AddAtom']",7,Generation_1_Molecule_38,-0.00000,102.17699999999999,<rdkit.Chem.rdchem.Mol object at 0x14e09621feb0>,,,,,,,,,,,,
39,CCCCCc1cccc(C)c1,<rdkit.Chem.rdchem.Mol object at 0x14e0961f8970>,"['RemoveAtom', 'RemoveAtom', 'ReplaceAtom']",12,Generation_1_Molecule_39,0.00000,162.276,<rdkit.Chem.rdchem.Mol object at 0x14e09621fdd0>,,,,,,,,,,,,
40,CCCC=CCCC,<rdkit.Chem.rdchem.Mol object at 0x14e0961f87b0>,"[None, 'ReplaceBond', 'AddAtom']",8,Generation_1_Molecule_40,0.00000,112.216,<rdkit.Chem.rdchem.Mol object at 0x14e09621ff90>,,,,,,,,,,,,
41,CCCCCCCC=O,<rdkit.Chem.rdchem.Mol object at 0x14e0961f86d0>,"['AddAtom', 'AddAtom', 'InsertAromatic']",9,Generation_1_Molecule_41,-0.00000,128.215,<rdkit.Chem.rdchem.Mol object at 0x14e09621ff90>,,,,,,,,,,,,
42,Cc1ccccc1,<rdkit.Chem.rdchem.Mol object at 0x14e0961f89e0>,"[None, 'AddAtom', 'AddAtom']",7,Generation_1_Molecule_42,0.00000,92.14099999999999,<rdkit.Chem.rdchem.Mol object at 0x14e09624a120>,,,,,,,,,,,,
43,CCCCCCCCCCCCC,<rdkit.Chem.rdchem.Mol object at 0x14e0961f8b30>,"['ReplaceBond', 'ReplaceBond', 'RemoveAtom']",13,Generation_1_Molecule_43,0.00000,184.367,<rdkit.Chem.rdchem.Mol object at 0x14e09621fe40>,,,,,,,,,,,,
44,CCC(C)C(CC)CC,<rdkit.Chem.rdchem.Mol object at 0x14e0961f8a50>,"['ReplaceBond', 'InsertAromatic', 'RemoveAtom']",9,Generation_1_Molecule_44,0.00000,128.259,<rdkit.Chem.rdchem.Mol object at 0x14e09621fe40>,,,,,,,,,,,,
45,CCCCCCCOC,<rdkit.Chem.rdchem.Mol object at 0x14e0961f8900>,"['AddAtom', 'AddAtom', 'ReplaceAtom']",9,Generation_1_Molecule_45,-0.00000,130.231,<rdkit.Chem.rdchem.Mol object at 0x14e09621ff20>,,,,,,,,,,,,
46,CCCC(C)OC,<rdkit.Chem.rdchem.Mol object at 0x14e0961f8ba0>,"['InsertAromatic', 'ReplaceAtom', 'ReplaceAtom']",7,Generation_1_Molecule_46,-0.00000,102.17699999999999,<rdkit.Chem.rdchem.Mol object at 0x14e09621feb0>,,,,,,,,,,,,
47,CCCCC,<rdkit.Chem.rdchem.Mol object at 0x14e0961f8c80>,"[None, None, 'RemoveAtom']",5,Generation_1_Molecule_47,-0.00000,72.151,<rdkit.Chem.rdchem.Mol object at 0x14e0961f8c10>,,,,,,,,,,,,
48,CCCC=CCCC,<rdkit.Chem.rdchem.Mol object at 0x14e0961f8e40>,"[None, 'ReplaceBond', 'InsertAromatic']",8,Generation_1_Molecule_48,0.00000,112.216,<rdkit.Chem.rdchem.Mol object at 0x14e09621ff90>,,,,,,,,,,,,
49,CC=CCCCCC,<rdkit.Chem.rdchem.Mol object at 0x14e0961f8ac0>,"[None, 'ReplaceBond', 'ReplaceAtom']",8,Generation_1_Molecule_49,0.00000,112.216,<rdkit.Chem.rdchem.Mol object at 0x14e09621ff90>,,,,,,,,,,,,
50,CCCc1cccc(CCCOCC)c1,<rdkit.Chem.rdchem.Mol object at 0x14e0961f8510>,"['RemoveAtom', 'ReplaceBond', 'RemoveAtom']",15,Generation_2_Molecule_50,0.00000,206.32899999999998,<rdkit.Chem.rdchem.Mol object at 0x14e0961f8890>,,,,,,,,,,,,
51,CCCCCCCCCCCCCCCCC(CC)CCC,<rdkit.Chem.rdchem.Mol object at 0x14e0961f8f90>,"['ReplaceBond', 'ReplaceAtom', 'ReplaceAtom']",22,Generation_2_Molecule_51,-0.00000,310.60999999999996,<rdkit.Chem.rdchem.Mol object at 0x14e0961f82e0>,,,,,,,,,,,,
52,CCCCCCCCCC(=O)CCC,<rdkit.Chem.rdchem.Mol object at 0x14e0961b1040>,"['AddAtom', 'RemoveAtom', 'RemoveAtom']",14,Generation_2_Molecule_52,0.00000,198.35,<rdkit.Chem.rdchem.Mol object at 0x14e09624af20>,,,,,,,,,,,,
53,CCC=CCCCCCCCCC,<rdkit.Chem.rdchem.Mol object at 0x14e0961b10b0>,"['ReplaceBond', 'ReplaceBond', 'RemoveAtom']",13,Generation_2_Molecule_53,0.00000,182.351,<rdkit.Chem.rdchem.Mol object at 0x14e0961f8b30>,,,,,,,,,,,,
54,CCCC(CC)CCCCC(C)CCc1ccccc1C,<rdkit.Chem.rdchem.Mol object at 0x14e0961b1270>,"['RemoveAtom', 'AddAtom', 'ReplaceBond']",21,Generation_2_Molecule_54,-0.00000,288.519,<rdkit.Chem.rdchem.Mol object at 0x14e0961f8820>,,,,,,,,,,,,
55,CCCc1ccccc1OCC,<rdkit.Chem.rdchem.Mol object at 0x14e0961b14a0>,"['AddAtom', 'RemoveAtom', 'ReplaceBond']",12,Generation_2_Molecule_55,0.00000,164.24799999999996,<rdkit.Chem.rdchem.Mol object at 0x14e0961f8580>,,,,,,,,,,,,
56,CCCCCc1ccccc1,<rdkit.Chem.rdchem.Mol object at 0x14e0961b1580>,"['RemoveAtom', 'RemoveAtom', 'ReplaceAtom']",11,Generation_2_Molecule_56,0.00000,148.24899999999997,<rdkit.Chem.rdchem.Mol object at 0x14e0961b1430>,,,,,,,,,,,,
57,CCCCCC(CC)CCC(CC)c1ccccc1,<rdkit.Chem.rdchem.Mol object at 0x14e0961b12e0>,"['AddAtom', 'InsertAromatic', 'InsertAromatic']",19,Generation_2_Molecule_57,-0.00000,260.465,<rdkit.Chem.rdchem.Mol object at 0x14e0961f85f0>,,,,,,,,,,,,
58,C=C(C)CCCC(=O)CCC,<rdkit.Chem.rdchem.Mol object at 0x14e0961b1120>,"['ReplaceAtom', 'InsertAromatic', 'RemoveAtom']",11,Generation_2_Molecule_58,-0.00000,154.253,<rdkit.Chem.rdchem.Mol object at 0x14e0961f8040>,,,,,,,,,,,,
59,CCCCCCc1ccccc1CCO,<rdkit.Chem.rdchem.Mol object at 0x14e0961b15f0>,"['AddAtom', 'InsertAromatic', 'ReplaceAtom']",15,Generation_2_Molecule_59,0.00000,206.32899999999998,<rdkit.Chem.rdchem.Mol object at 0x14e09624a2e0>,,,,,,,,,,,,
60,CC=CC(O)(CC)CC,<rdkit.Chem.rdchem.Mol object at 0x14e0961b13c0>,"['RemoveAtom', 'RemoveAtom', 'AddAtom']",9,Generation_2_Molecule_60,0.00000,128.215,<rdkit.Chem.rdchem.Mol object at 0x14e09624a660>,,,,,,,,,,,,
61,CCC(O)CCCOC,<rdkit.Chem.rdchem.Mol object at 0x14e0961b16d0>,"['RemoveAtom', 'ReplaceBond', 'AddAtom']",9,Generation_2_Molecule_61,0.00000,132.203,<rdkit.Chem.rdchem.Mol object at 0x14e09624a580>,,,,,,,,,,,,
62,CCCCCC(O)COC,<rdkit.Chem.rdchem.Mol object at 0x14e0961b1510>,"['AddAtom', 'AddAtom', 'ReplaceAtom']",10,Generation_2_Molecule_62,0.00000,146.23,<rdkit.Chem.rdchem.Mol object at 0x14e0961f8900>,,,,,,,,,,,,
63,CCCC(CC)CC,<rdkit.Chem.rdchem.Mol object at 0x14e0961b1970>,"['RemoveAtom', 'RemoveAtom', 'ReplaceBond']",8,Generation_2_Molecule_63,-0.00000,114.232,<rdkit.Chem.rdchem.Mol object at 0x14e0961b1740>,,,,,,,,,,,,
64,CCC(C)CCCCc1ccccc1C,<rdkit.Chem.rdchem.Mol object at 0x14e0961b1660>,"['ReplaceAtom', 'InsertAromatic', 'RemoveAtom']",15,Generation_2_Molecule_64,0.00000,204.357,<rdkit.Chem.rdchem.Mol object at 0x14e0961f84a0>,,,,,,,,,,,,
65,CCC(C)C(CC)C(C)O,<rdkit.Chem.rdchem.Mol object at 0x14e0961b1ac0>,"['ReplaceBond', 'InsertAromatic', 'RemoveAtom']",10,Generation_2_Molecule_65,0.00000,144.25799999999998,<rdkit.Chem.rdchem.Mol object at 0x14e0961f8a50>,,,,,,,,,,,,
66,CCCCCCc1ccc(CC=O)cc1,<rdkit.Chem.rdchem.Mol object at 0x14e0961b1890>,"['AddAtom', 'AddAtom', 'InsertAromatic']",15,Generation_2_Molecule_66,0.00000,204.313,<rdkit.Chem.rdchem.Mol object at 0x14e0961f86d0>,,,,,,,,,,,,
67,CCOCCCCc1ccc(C)cc1,<rdkit.Chem.rdchem.Mol object at 0x14e0961b1a50>,"['RemoveAtom', 'ReplaceAtom', 'AddAtom']",14,Generation_2_Molecule_67,0.00000,192.302,<rdkit.Chem.rdchem.Mol object at 0x14e09624aa50>,,,,,,,,,,,,
68,CCCCCCO,<rdkit.Chem.rdchem.Mol object at 0x14e0961b1d60>,"['AddAtom', 'RemoveAtom', 'ReplaceAtom']",7,Generation_2_Molecule_68,-0.00000,102.17699999999999,<rdkit.Chem.rdchem.Mol object at 0x14e0961b1820>,,,,,,,,,,,,
69,CC=C(C)CCC,<rdkit.Chem.rdchem.Mol object at 0x14e0961b1f20>,"[None, 'ReplaceBond', 'RemoveAtom']",7,Generation_2_Molecule_69,-0.00000,98.189,<rdkit.Chem.rdchem.Mol object at 0x14e0961b1ba0>,,,,,,,,,,,,
70,CC=CCCCOC,<rdkit.Chem.rdchem.Mol object at 0x14e0961b1190>,"[None, 'ReplaceBond', 'ReplaceAtom']",8,Generation_2_Molecule_70,-0.00000,114.18799999999999,<rdkit.Chem.rdchem.Mol object at 0x14e0961f8ac0>,,,,,,,,,,,,
71,C=C(C)COCCC,<rdkit.Chem.rdchem.Mol object at 0x14e0961b1350>,"[None, 'ReplaceAtom', 'AddAtom']",8,Generation_2_Molecule_71,0.00000,114.18799999999999,<rdkit.Chem.rdchem.Mol object at 0x14e09624aac0>,,,,,,,,,,,,
72,C=CC(CO)CCC,<rdkit.Chem.rdchem.Mol object at 0x14e0961b1200>,"[None, 'ReplaceAtom', 'AddAtom']",8,Generation_2_Molecule_72,0.00000,114.18799999999999,<rdkit.Chem.rdchem.Mol object at 0x14e0961f8270>,,,,,,,,,,,,
73,CCCC(C)Oc1cccc(C)c1,<rdkit.Chem.rdchem.Mol object at 0x14e0961b1c10>,"['InsertAromatic', 'ReplaceAtom', 'ReplaceAtom']",13,Generation_2_Molecule_73,0.00000,178.275,<rdkit.Chem.rdchem.Mol object at 0x14e0961f8ba0>,,,,,,,,,,,,
74,CCCCC(C)CO,<rdkit.Chem.rdchem.Mol object at 0x14e0961b1eb0>,"['AddAtom', 'AddAtom', 'RemoveAtom']",8,Generation_2_Molecule_74,0.00000,116.204,<rdkit.Chem.rdchem.Mol object at 0x14e09624ac10>,,,,,,,,,,,,
75,CC=C(CC)CCO,<rdkit.Chem.rdchem.Mol object at 0x14e0961b1cf0>,"[None, 'RemoveAtom', 'AddAtom']",8,Generation_2_Molecule_75,-0.00000,114.18799999999999,<rdkit.Chem.rdchem.Mol object at 0x14e09624add0>,,,,,,,,,,,,
76,Oc1ccc(O)cc1,<rdkit.Chem.rdchem.Mol object at 0x14e0961b1dd0>,"[None, 'AddAtom', 'AddAtom']",8,Generation_2_Molecule_76,0.00000,110.11200000000001,<rdkit.Chem.rdchem.Mol object at 0x14e09624a9e0>,,,,,,,,,,,,
77,Cc1ccccc1C,<rdkit.Chem.rdchem.Mol object at 0x14e0961b1900>,"[None, 'AddAtom', 'AddAtom']",8,Generation_2_Molecule_77,0.00000,106.16799999999999,<rdkit.Chem.rdchem.Mol object at 0x14e0961f89e0>,,,,,,,,,,,,
78,CCCCO,<rdkit.Chem.rdchem.Mol object at 0x14e0961b72e0>,"[None, 'ReplaceAtom', 'RemoveAtom']",5,Generation_2_Molecule_78,-0.00000,74.12299999999999,<rdkit.Chem.rdchem.Mol object at 0x14e0961b1f90>,,,,,,,,,,,,
79,CCCC(O)CC,<rdkit.Chem.rdchem.Mol object at 0x14e0961b7190>,"[None, 'RemoveAtom', 'AddAtom']",7,Generation_2_Molecule_79,-0.00000,102.17699999999999,<rdkit.Chem.rdchem.Mol object at 0x14e09624a820>,,,,,,,,,,,,
80,CCC(C)Cc1cccc(C)c1,<rdkit.Chem.rdchem.Mol object at 0x14e0961b17b0>,"['AddAtom', 'RemoveAtom', 'InsertAromatic']",12,Generation_2_Molecule_80,0.00000,162.276,<rdkit.Chem.rdchem.Mol object at 0x14e0961f8190>,,,,,,,,,,,,
81,CC=CC(=O)CC,<rdkit.Chem.rdchem.Mol object at 0x14e0961b1b30>,"[None, 'ReplaceBond', 'AddAtom']",7,Generation_2_Molecule_81,-0.00000,98.145,<rdkit.Chem.rdchem.Mol object at 0x14e0961f8740>,,,,,,,,,,,,
82,CCCCCCCCCCCCCO,<rdkit.Chem.rdchem.Mol object at 0x14e0961b1e40>,"['ReplaceAtom', 'ReplaceBond', 'ReplaceBond']",14,Generation_2_Molecule_82,-0.00000,200.36599999999999,<rdkit.Chem.rdchem.Mol object at 0x14e09624ab30>,,,,,,,,,,,,
83,CCC(C)CC,<rdkit.Chem.rdchem.Mol object at 0x14e0961b73c0>,"[None, 'AddAtom', 'AddAtom']",6,Generation_2_Molecule_83,-0.00000,86.178,<rdkit.Chem.rdchem.Mol object at 0x14e09624aeb0>,,,,,,,,,,,,
84,CC=CCC,<rdkit.Chem.rdchem.Mol object at 0x14e0961b75f0>,"[None, 'RemoveAtom', 'ReplaceBond']",5,Generation_2_Molecule_84,-0.00000,70.13499999999999,<rdkit.Chem.rdchem.Mol object at 0x14e09624a3c0>,,,,,,,,,,,,
85,CCCCCCCCCCC=CCCCCC(CC)CCC,<rdkit.Chem.rdchem.Mol object at 0x14e0961b7510>,"['ReplaceBond', 'ReplaceAtom', 'ReplaceAtom']",22,Generation_3_Molecule_85,-0.00000,308.59399999999994,<rdkit.Chem.rdchem.Mol object at 0x14e0961f8f90>,,,,,,,,,,,,
86,CCCC(CC)CCCCC(C)=CCc1ccccc1C,<rdkit.Chem.rdchem.Mol object at 0x14e0961b7040>,"['RemoveAtom', 'AddAtom', 'ReplaceBond']",21,Generation_3_Molecule_86,-0.00000,286.503,<rdkit.Chem.rdchem.Mol object at 0x14e0961b1270>,,,,,,,,,,,,
87,CC=C(CCCCC)CCC(CC)c1ccccc1,<rdkit.Chem.rdchem.Mol object at 0x14e0961b7200>,"['AddAtom', 'InsertAromatic', 'InsertAromatic']",19,Generation_3_Molecule_87,-0.00000,258.44899999999996,<rdkit.Chem.rdchem.Mol object at 0x14e0961b12e0>,,,,,,,,,,,,
88,CCCCCCCCOCCCc1cccc(CCC)c1,<rdkit.Chem.rdchem.Mol object at 0x14e0961b7430>,"['RemoveAtom', 'ReplaceBond', 'RemoveAtom']",21,Generation_3_Molecule_88,0.00000,290.491,<rdkit.Chem.rdchem.Mol object at 0x14e0961f8510>,,,,,,,,,,,,
89,CCCCCCCCCCCCCc1ccccc1CCO,<rdkit.Chem.rdchem.Mol object at 0x14e0961b76d0>,"['AddAtom', 'InsertAromatic', 'ReplaceAtom']",22,Generation_3_Molecule_89,-0.00000,304.51800000000003,<rdkit.Chem.rdchem.Mol object at 0x14e0961b15f0>,,,,,,,,,,,,
90,CCCCCCCC(CC)CCCc1cccc(CCC)c1,<rdkit.Chem.rdchem.Mol object at 0x14e0961b7740>,"['RemoveAtom', 'ReplaceBond', 'RemoveAtom']",22,Generation_3_Molecule_90,-0.00000,302.54599999999994,<rdkit.Chem.rdchem.Mol object at 0x14e0961f8890>,,,,,,,,,,,,
91,CCC(C)CCCC(C)c1ccccc1C,<rdkit.Chem.rdchem.Mol object at 0x14e0961b7350>,"['ReplaceAtom', 'InsertAromatic', 'RemoveAtom']",16,Generation_3_Molecule_91,0.00000,218.384,<rdkit.Chem.rdchem.Mol object at 0x14e0961b1660>,,,,,,,,,,,,
92,CCCCCOc1ccc(CC=O)cc1,<rdkit.Chem.rdchem.Mol object at 0x14e0961b7660>,"['AddAtom', 'AddAtom', 'InsertAromatic']",15,Generation_3_Molecule_92,0.00000,206.285,<rdkit.Chem.rdchem.Mol object at 0x14e0961b1890>,,,,,,,,,,,,
93,CCCCCC(=O)CCCCCCCO,<rdkit.Chem.rdchem.Mol object at 0x14e0961b7820>,"['ReplaceAtom', 'ReplaceBond', 'ReplaceBond']",15,Generation_3_Molecule_93,0.00000,214.349,<rdkit.Chem.rdchem.Mol object at 0x14e0961b1e40>,,,,,,,,,,,,
94,CCCCCCCCc1ccccc1C(CC)CCC,<rdkit.Chem.rdchem.Mol object at 0x14e0961b7970>,"['ReplaceBond', 'ReplaceAtom', 'ReplaceAtom']",20,Generation_3_Molecule_94,-0.00000,274.49199999999996,<rdkit.Chem.rdchem.Mol object at 0x14e0961f82e0>,,,,,,,,,,,,
95,CCCCCCCCCC(=O)CC(C)O,<rdkit.Chem.rdchem.Mol object at 0x14e0961b77b0>,"['AddAtom', 'RemoveAtom', 'RemoveAtom']",15,Generation_3_Molecule_95,0.00000,214.349,<rdkit.Chem.rdchem.Mol object at 0x14e0961b1040>,,,,,,,,,,,,
96,Cc1ccc(CCCCOC(C)O)cc1,<rdkit.Chem.rdchem.Mol object at 0x14e0961b79e0>,"['RemoveAtom', 'ReplaceAtom', 'AddAtom']",15,Generation_3_Molecule_96,0.00000,208.301,<rdkit.Chem.rdchem.Mol object at 0x14e0961b1a50>,,,,,,,,,,,,
97,C=C(CCCC)CCCCCCCC,<rdkit.Chem.rdchem.Mol object at 0x14e0961b7900>,"['AddAtom', 'RemoveAtom', 'RemoveAtom']",14,Generation_3_Molecule_97,0.00000,196.378,<rdkit.Chem.rdchem.Mol object at 0x14e09624af20>,,,,,,,,,,,,
98,CC=CCCCCCCCCCC,<rdkit.Chem.rdchem.Mol object at 0x14e0961b7a50>,"['ReplaceBond', 'ReplaceBond', 'RemoveAtom']",13,Generation_3_Molecule_98,0.00000,182.351,<rdkit.Chem.rdchem.Mol object at 0x14e0961f8b30>,,,,,,,,,,,,
99,CCC(C)CCc1ccccc1,<rdkit.Chem.rdchem.Mol object at 0x14e0961b7dd0>,"['RemoveAtom', 'AddAtom', 'ReplaceBond']",12,Generation_3_Molecule_99,0.00000,162.276,<rdkit.Chem.rdchem.Mol object at 0x14e0961b7ac0>,,,,,,,,,,,,
100,CCCc1ccccc1CC,<rdkit.Chem.rdchem.Mol object at 0x14e0961b7cf0>,"['ReplaceAtom', 'RemoveAtom', 'ReplaceAtom']",11,Generation_3_Molecule_100,0.00000,148.24899999999997,<rdkit.Chem.rdchem.Mol object at 0x14e0961b7c80>,,,,,,,,,,,,
101,CCCc1ccccc1CCO,<rdkit.Chem.rdchem.Mol object at 0x14e0961b7e40>,"['AddAtom', 'RemoveAtom', 'ReplaceBond']",12,Generation_3_Molecule_101,0.00000,164.24799999999996,<rdkit.Chem.rdchem.Mol object at 0x14e0961f8580>,,,,,,,,,,,,
102,CCCCc1cccc(C)c1,<rdkit.Chem.rdchem.Mol object at 0x14e0961b7ba0>,"['RemoveAtom', 'RemoveAtom', 'ReplaceAtom']",11,Generation_3_Molecule_102,0.00000,148.24899999999997,<rdkit.Chem.rdchem.Mol object at 0x14e0961b7270>,,,,,,,,,,,,
103,CCC(C)Cc1cccc(C)c1C,<rdkit.Chem.rdchem.Mol object at 0x14e0961b7d60>,"['AddAtom', 'RemoveAtom', 'InsertAromatic']",13,Generation_3_Molecule_103,0.00000,176.303,<rdkit.Chem.rdchem.Mol object at 0x14e0961b17b0>,,,,,,,,,,,,
104,C=C(C)CCCC(O)CCC,<rdkit.Chem.rdchem.Mol object at 0x14e0961b7b30>,"['ReplaceAtom', 'InsertAromatic', 'RemoveAtom']",11,Generation_3_Molecule_104,0.00000,156.26899999999998,<rdkit.Chem.rdchem.Mol object at 0x14e0961b1120>,,,,,,,,,,,,
105,CCCCc1ccccc1CC,<rdkit.Chem.rdchem.Mol object at 0x14e0961b70b0>,"['AddAtom', 'InsertAromatic', 'InsertAromatic']",12,Generation_3_Molecule_105,0.00000,162.276,<rdkit.Chem.rdchem.Mol object at 0x14e0961f85f0>,,,,,,,,,,,,
106,CCCCc1ccccc1,<rdkit.Chem.rdchem.Mol object at 0x14e0961b7eb0>,"['RemoveAtom', 'RemoveAtom', 'ReplaceAtom']",10,Generation_3_Molecule_106,-0.00000,134.22199999999998,<rdkit.Chem.rdchem.Mol object at 0x14e0961b7580>,,,,,,,,,,,,
107,C=C(C)CCCCOCC,<rdkit.Chem.rdchem.Mol object at 0x14e0961b7f90>,"['ReplaceAtom', 'InsertAromatic', 'RemoveAtom']",10,Generation_3_Molecule_107,-0.00000,142.242,<rdkit.Chem.rdchem.Mol object at 0x14e0961f8040>,,,,,,,,,,,,
108,CCC(O)CCCCCCCCCCCCOC,<rdkit.Chem.rdchem.Mol object at 0x14e0961b7120>,"['RemoveAtom', 'ReplaceBond', 'AddAtom']",18,Generation_3_Molecule_108,-0.00000,258.44599999999997,<rdkit.Chem.rdchem.Mol object at 0x14e0961b16d0>,,,,,,,,,,,,
109,CCCC=CCCCO,<rdkit.Chem.rdchem.Mol object at 0x14e0961c7040>,"['AddAtom', 'InsertAromatic', 'ReplaceAtom']",9,Generation_3_Molecule_109,0.00000,128.215,<rdkit.Chem.rdchem.Mol object at 0x14e09624a2e0>,,,,,,,,,,,,
110,CCCCCCCCCCCC(O)(CC)CCC,<rdkit.Chem.rdchem.Mol object at 0x14e0961c7200>,"['RemoveAtom', 'RemoveAtom', 'AddAtom']",18,Generation_3_Molecule_110,-0.00000,256.474,<rdkit.Chem.rdchem.Mol object at 0x14e09624a660>,,,,,,,,,,,,
111,C=C(CC)CCC(O)CC,<rdkit.Chem.rdchem.Mol object at 0x14e0961c7120>,"['RemoveAtom', 'ReplaceBond', 'AddAtom']",10,Generation_3_Molecule_111,0.00000,142.242,<rdkit.Chem.rdchem.Mol object at 0x14e09624a580>,,,,,,,,,,,,
112,CCCCOCCOC,<rdkit.Chem.rdchem.Mol object at 0x14e0961c70b0>,"['AddAtom', 'AddAtom', 'ReplaceAtom']",9,Generation_3_Molecule_112,-0.00000,132.203,<rdkit.Chem.rdchem.Mol object at 0x14e0961f8900>,,,,,,,,,,,,
113,C=CC(CC)CCC,<rdkit.Chem.rdchem.Mol object at 0x14e0961c74a0>,"['RemoveAtom', 'RemoveAtom', 'ReplaceBond']",8,Generation_3_Molecule_113,-0.00000,112.216,<rdkit.Chem.rdchem.Mol object at 0x14e0961c7270>,,,,,,,,,,,,
114,CCCC=C(C)CC,<rdkit.Chem.rdchem.Mol object at 0x14e0961c7190>,"['ReplaceAtom', 'InsertAromatic', 'RemoveAtom']",8,Generation_3_Molecule_114,0.00000,112.216,<rdkit.Chem.rdchem.Mol object at 0x14e0961c75f0>,,,,,,,,,,,,
115,CCC(CC)C(C)Cc1cccc(C)c1,<rdkit.Chem.rdchem.Mol object at 0x14e0961c7430>,"['ReplaceBond', 'InsertAromatic', 'RemoveAtom']",15,Generation_3_Molecule_115,0.00000,204.357,<rdkit.Chem.rdchem.Mol object at 0x14e0961f8a50>,,,,,,,,,,,,
116,CCCCCCCCCCCCOCC,<rdkit.Chem.rdchem.Mol object at 0x14e0961c76d0>,"['RemoveAtom', 'ReplaceAtom', 'AddAtom']",15,Generation_3_Molecule_116,0.00000,214.393,<rdkit.Chem.rdchem.Mol object at 0x14e09624aa50>,,,,,,,,,,,,
117,CCCOCCCO,<rdkit.Chem.rdchem.Mol object at 0x14e0961c7510>,"['AddAtom', 'RemoveAtom', 'ReplaceAtom']",8,Generation_3_Molecule_117,0.00000,118.176,<rdkit.Chem.rdchem.Mol object at 0x14e09624a900>,,,,,,,,,,,,
118,CCCC(C)CO,<rdkit.Chem.rdchem.Mol object at 0x14e0961c7660>,"['AddAtom', 'AddAtom', 'RemoveAtom']",7,Generation_3_Molecule_118,-0.00000,102.17699999999999,<rdkit.Chem.rdchem.Mol object at 0x14e0961c7350>,,,,,,,,,,,,
119,CCC=C(CC)CC,<rdkit.Chem.rdchem.Mol object at 0x14e0961c73c0>,"['RemoveAtom', 'RemoveAtom', 'ReplaceBond']",8,Generation_3_Molecule_119,0.00000,112.216,<rdkit.Chem.rdchem.Mol object at 0x14e0961b1970>,,,,,,,,,,,,
120,CC=CC(CC)CCCCCCCCCCCCCCCC,<rdkit.Chem.rdchem.Mol object at 0x14e0961c72e0>,"['ReplaceBond', 'ReplaceAtom', 'ReplaceAtom']",22,Generation_4_Molecule_120,-0.00000,308.59399999999994,<rdkit.Chem.rdchem.Mol object at 0x14e0961f8f90>,,,,,,,,,,,,
121,CCCCCCCCCC=CCCCCC(CC)CCC,<rdkit.Chem.rdchem.Mol object at 0x14e0961c7580>,"['ReplaceBond', 'ReplaceAtom', 'ReplaceAtom']",21,Generation_4_Molecule_121,-0.00000,294.567,<rdkit.Chem.rdchem.Mol object at 0x14e0961c7740>,,,,,,,,,,,,
122,CCCCCC(CCC)CCCC(CC)CCCCCc1ccccc1CCO,<rdkit.Chem.rdchem.Mol object at 0x14e0961c7a50>,"['AddAtom', 'InsertAromatic', 'ReplaceAtom']",29,Generation_4_Molecule_122,-0.00000,402.707,<rdkit.Chem.rdchem.Mol object at 0x14e0961b76d0>,,,,,,,,,,,,
123,CCCCCCCC(CC)CCc1cccc(CCC)c1,<rdkit.Chem.rdchem.Mol object at 0x14e0961c7b30>,"['RemoveAtom', 'ReplaceBond', 'RemoveAtom']",21,Generation_4_Molecule_123,-0.00000,288.519,<rdkit.Chem.rdchem.Mol object at 0x14e0961c79e0>,,,,,,,,,,,,
124,C=C(CCCC(C)=CCc1ccccc1C)C(CC)CCC,<rdkit.Chem.rdchem.Mol object at 0x14e0961c7900>,"['RemoveAtom', 'AddAtom', 'ReplaceBond']",22,Generation_4_Molecule_124,-0.00000,298.51399999999995,<rdkit.Chem.rdchem.Mol object at 0x14e0961b7040>,,,,,,,,,,,,
125,CCCCC(=O)CCCc1ccccc1C(CC)CCC,<rdkit.Chem.rdchem.Mol object at 0x14e0961c7970>,"['ReplaceBond', 'ReplaceAtom', 'ReplaceAtom']",21,Generation_4_Molecule_125,-0.00000,288.475,<rdkit.Chem.rdchem.Mol object at 0x14e0961b7970>,,,,,,,,,,,,
126,CCC(CCCCO)CCC(CC)c1ccccc1,<rdkit.Chem.rdchem.Mol object at 0x14e0961b7f20>,"['AddAtom', 'InsertAromatic', 'InsertAromatic']",19,Generation_4_Molecule_126,-0.00000,262.437,<rdkit.Chem.rdchem.Mol object at 0x14e0961b12e0>,,,,,,,,,,,,
127,CC=C(CCC(CC)c1ccccc1)COCCC,<rdkit.Chem.rdchem.Mol object at 0x14e0961c7ac0>,"['AddAtom', 'InsertAromatic', 'InsertAromatic']",19,Generation_4_Molecule_127,0.00000,260.421,<rdkit.Chem.rdchem.Mol object at 0x14e0961b7200>,,,,,,,,,,,,
128,CCC(O)CCCCC=CCCCCCCOC,<rdkit.Chem.rdchem.Mol object at 0x14e0961c77b0>,"['RemoveAtom', 'ReplaceBond', 'AddAtom']",18,Generation_4_Molecule_128,-0.00000,256.43,<rdkit.Chem.rdchem.Mol object at 0x14e0961b7120>,,,,,,,,,,,,
129,CCCCCCCCCCCCC(O)(CC)CCC,<rdkit.Chem.rdchem.Mol object at 0x14e0961c7c80>,"['RemoveAtom', 'RemoveAtom', 'AddAtom']",19,Generation_4_Molecule_129,-0.00000,270.501,<rdkit.Chem.rdchem.Mol object at 0x14e0961c7200>,,,,,,,,,,,,
130,CCC(C)CCC(C)c1ccccc1C,<rdkit.Chem.rdchem.Mol object at 0x14e0961c7cf0>,"['ReplaceAtom', 'InsertAromatic', 'RemoveAtom']",15,Generation_4_Molecule_130,0.00000,204.357,<rdkit.Chem.rdchem.Mol object at 0x14e0961c7ba0>,,,,,,,,,,,,
131,CCCCc1ccc(CCCCCCCCOCC)cc1,<rdkit.Chem.rdchem.Mol object at 0x14e0961c7820>,"['RemoveAtom', 'ReplaceAtom', 'AddAtom']",21,Generation_4_Molecule_131,-0.00000,290.491,<rdkit.Chem.rdchem.Mol object at 0x14e0961c76d0>,,,,,,,,,,,,
132,CCCCCC(=O)CCCCC=CCO,<rdkit.Chem.rdchem.Mol object at 0x14e0961c7d60>,"['ReplaceAtom', 'ReplaceBond', 'ReplaceBond']",15,Generation_4_Molecule_132,0.00000,212.333,<rdkit.Chem.rdchem.Mol object at 0x14e0961b7820>,,,,,,,,,,,,
133,CCCCCCOCCC(=O)CC(C)O,<rdkit.Chem.rdchem.Mol object at 0x14e0961c7e40>,"['AddAtom', 'RemoveAtom', 'RemoveAtom']",15,Generation_4_Molecule_133,0.00000,216.32100000000003,<rdkit.Chem.rdchem.Mol object at 0x14e0961b77b0>,,,,,,,,,,,,
134,C=C(CCc1ccc(C)cc1)COC(C)O,<rdkit.Chem.rdchem.Mol object at 0x14e0961c7dd0>,"['RemoveAtom', 'ReplaceAtom', 'AddAtom']",16,Generation_4_Molecule_134,0.00000,220.31199999999998,<rdkit.Chem.rdchem.Mol object at 0x14e0961b79e0>,,,,,,,,,,,,
135,CCOCCCc1cccc(CCO)c1,<rdkit.Chem.rdchem.Mol object at 0x14e0961c7eb0>,"['RemoveAtom', 'ReplaceBond', 'RemoveAtom']",15,Generation_4_Molecule_135,0.00000,208.301,<rdkit.Chem.rdchem.Mol object at 0x14e0961f8510>,,,,,,,,,,,,
136,CCCOCCc1ccccc1CCO,<rdkit.Chem.rdchem.Mol object at 0x14e0961c4040>,"['AddAtom', 'InsertAromatic', 'ReplaceAtom']",15,Generation_4_Molecule_136,0.00000,208.301,<rdkit.Chem.rdchem.Mol object at 0x14e0961b15f0>,,,,,,,,,,,,
137,CCOCCOc1ccc(CC=O)cc1,<rdkit.Chem.rdchem.Mol object at 0x14e0961c4120>,"['AddAtom', 'AddAtom', 'InsertAromatic']",15,Generation_4_Molecule_137,0.00000,208.257,<rdkit.Chem.rdchem.Mol object at 0x14e0961b7660>,,,,,,,,,,,,
138,CCCCCCc1ccc(O)c(CCC)c1,<rdkit.Chem.rdchem.Mol object at 0x14e0961c4190>,"['RemoveAtom', 'ReplaceBond', 'RemoveAtom']",16,Generation_4_Molecule_138,0.00000,220.356,<rdkit.Chem.rdchem.Mol object at 0x14e0961f8890>,,,,,,,,,,,,
139,CCCOCCc1ccc(CC=O)cc1,<rdkit.Chem.rdchem.Mol object at 0x14e0961c45f0>,"['AddAtom', 'AddAtom', 'InsertAromatic']",15,Generation_4_Molecule_139,0.00000,206.285,<rdkit.Chem.rdchem.Mol object at 0x14e0961b1890>,,,,,,,,,,,,
140,CCCCCCCOCCCCCO,<rdkit.Chem.rdchem.Mol object at 0x14e0961c4270>,"['ReplaceAtom', 'ReplaceBond', 'ReplaceBond']",14,Generation_4_Molecule_140,0.00000,202.338,<rdkit.Chem.rdchem.Mol object at 0x14e0961b1e40>,,,,,,,,,,,,
141,CCCCCCCCC(CC)COC,<rdkit.Chem.rdchem.Mol object at 0x14e0961c4430>,"['ReplaceBond', 'ReplaceAtom', 'ReplaceAtom']",14,Generation_4_Molecule_141,0.00000,200.36599999999999,<rdkit.Chem.rdchem.Mol object at 0x14e0961f82e0>,,,,,,,,,,,,
142,CCOCCc1ccccc1CCc1ccc(C)cc1,<rdkit.Chem.rdchem.Mol object at 0x14e0961c7f20>,"['RemoveAtom', 'ReplaceAtom', 'AddAtom']",20,Generation_4_Molecule_142,0.00000,268.4,<rdkit.Chem.rdchem.Mol object at 0x14e0961b1a50>,,,,,,,,,,,,
143,CCCCCCCCCCCC(C)=O,<rdkit.Chem.rdchem.Mol object at 0x14e0961c4580>,"['AddAtom', 'RemoveAtom', 'RemoveAtom']",14,Generation_4_Molecule_143,0.00000,198.35,<rdkit.Chem.rdchem.Mol object at 0x14e09624af20>,,,,,,,,,,,,
144,CCCCCCCCCc1ccccc1CCCC,<rdkit.Chem.rdchem.Mol object at 0x14e0961c40b0>,"['ReplaceBond', 'ReplaceBond', 'RemoveAtom']",19,Generation_4_Molecule_144,0.00000,260.465,<rdkit.Chem.rdchem.Mol object at 0x14e0961f8b30>,,,,,,,,,,,,
145,CCCCCCCCCC=CC(C)C,<rdkit.Chem.rdchem.Mol object at 0x14e0961c4200>,"['ReplaceBond', 'ReplaceBond', 'RemoveAtom']",14,Generation_4_Molecule_145,0.00000,196.378,<rdkit.Chem.rdchem.Mol object at 0x14e0961b10b0>,,,,,,,,,,,,
146,C=CC(C)CCc1ccccc1C,<rdkit.Chem.rdchem.Mol object at 0x14e0961c42e0>,"['RemoveAtom', 'AddAtom', 'ReplaceBond']",13,Generation_4_Molecule_146,0.00000,174.287,<rdkit.Chem.rdchem.Mol object at 0x14e0961f8820>,,,,,,,,,,,,
147,C=C(C)Cc1cccc(C)c1C,<rdkit.Chem.rdchem.Mol object at 0x14e0961c4890>,"['AddAtom', 'RemoveAtom', 'InsertAromatic']",12,Generation_4_Molecule_147,0.00000,160.26,<rdkit.Chem.rdchem.Mol object at 0x14e0961c4350>,,,,,,,,,,,,
148,CCCc1ccccc1OC(C)O,<rdkit.Chem.rdchem.Mol object at 0x14e0961c4900>,"['AddAtom', 'RemoveAtom', 'ReplaceBond']",13,Generation_4_Molecule_148,0.00000,180.24699999999996,<rdkit.Chem.rdchem.Mol object at 0x14e0961b14a0>,,,,,,,,,,,,
149,CCCc1ccccc1CO,<rdkit.Chem.rdchem.Mol object at 0x14e0961c4820>,"['AddAtom', 'RemoveAtom', 'ReplaceBond']",11,Generation_4_Molecule_149,0.00000,150.22099999999998,<rdkit.Chem.rdchem.Mol object at 0x14e0961c4660>,,,,,,,,,,,,
150,C=CCc1ccccc1CCC,<rdkit.Chem.rdchem.Mol object at 0x14e0961c4a50>,"['AddAtom', 'RemoveAtom', 'ReplaceBond']",12,Generation_4_Molecule_150,0.00000,160.26,<rdkit.Chem.rdchem.Mol object at 0x14e0961f8580>,,,,,,,,,,,,
151,CCCCCc1ccccc1,<rdkit.Chem.rdchem.Mol object at 0x14e0961c4cf0>,"['RemoveAtom', 'RemoveAtom', 'ReplaceAtom']",11,Generation_4_Molecule_151,0.00000,148.24899999999997,<rdkit.Chem.rdchem.Mol object at 0x14e0961c49e0>,,,,,,,,,,,,
152,C=C(C)CCC(=O)CCC,<rdkit.Chem.rdchem.Mol object at 0x14e0961c4740>,"['ReplaceAtom', 'InsertAromatic', 'RemoveAtom']",10,Generation_4_Molecule_152,-0.00000,140.226,<rdkit.Chem.rdchem.Mol object at 0x14e0961c7c10>,,,,,,,,,,,,
153,C=CCc1ccccc1CC,<rdkit.Chem.rdchem.Mol object at 0x14e0961c4ac0>,"['AddAtom', 'InsertAromatic', 'InsertAromatic']",11,Generation_4_Molecule_153,0.00000,146.23299999999998,<rdkit.Chem.rdchem.Mol object at 0x14e0961f85f0>,,,,,,,,,,,,
154,OCCCCc1ccccc1,<rdkit.Chem.rdchem.Mol object at 0x14e0961c4970>,"['RemoveAtom', 'RemoveAtom', 'ReplaceAtom']",11,Generation_4_Molecule_154,-0.00000,150.22099999999998,<rdkit.Chem.rdchem.Mol object at 0x14e0961b1580>,,,,,,,,,,,,
155,CCCCC(CCC)CCCC(CC)CCCCCc1ccccc1CCO,<rdkit.Chem.rdchem.Mol object at 0x14e0961c4c80>,"['AddAtom', 'InsertAromatic', 'ReplaceAtom']",28,Generation_5_Molecule_155,-0.00000,388.68,<rdkit.Chem.rdchem.Mol object at 0x14e0961c47b0>,,,,,,,,,,,,
156,CCC=CCCCCCCCCCCCCC(CC)CCC,<rdkit.Chem.rdchem.Mol object at 0x14e0961c44a0>,"['ReplaceBond', 'ReplaceAtom', 'ReplaceAtom']",22,Generation_5_Molecule_156,-0.00000,308.59399999999994,<rdkit.Chem.rdchem.Mol object at 0x14e0961f8f90>,,,,,,,,,,,,
157,CCCCCCCCCC(C)C=CCCCCC(CC)CCC,<rdkit.Chem.rdchem.Mol object at 0x14e0961c4b30>,"['ReplaceBond', 'ReplaceAtom', 'ReplaceAtom']",23,Generation_5_Molecule_157,-0.00000,322.621,<rdkit.Chem.rdchem.Mol object at 0x14e0961b7510>,,,,,,,,,,,,
158,CC=CC(CCCCCCCCCCCCCCCC)OC,<rdkit.Chem.rdchem.Mol object at 0x14e0961c4d60>,"['ReplaceBond', 'ReplaceAtom', 'ReplaceAtom']",22,Generation_5_Molecule_158,-0.00000,310.56600000000003,<rdkit.Chem.rdchem.Mol object at 0x14e0961c72e0>,,,,,,,,,,,,
159,CCCCCCCCC=CCCCc1ccccc1CCO,<rdkit.Chem.rdchem.Mol object at 0x14e0961c4e40>,"['AddAtom', 'InsertAromatic', 'ReplaceAtom']",22,Generation_5_Molecule_159,-0.00000,302.502,<rdkit.Chem.rdchem.Mol object at 0x14e0961b76d0>,,,,,,,,,,,,
160,CCCCOCCC(CC)CCCc1cccc(CCC)c1,<rdkit.Chem.rdchem.Mol object at 0x14e0961c4dd0>,"['RemoveAtom', 'ReplaceBond', 'RemoveAtom']",22,Generation_5_Molecule_160,-0.00000,304.51800000000003,<rdkit.Chem.rdchem.Mol object at 0x14e0961b7740>,,,,,,,,,,,,
161,C=C(CCCC(C)=C(C)Cc1ccccc1C)C(CC)CCC,<rdkit.Chem.rdchem.Mol object at 0x14e0961c4f90>,"['RemoveAtom', 'AddAtom', 'ReplaceBond']",23,Generation_5_Molecule_161,-0.00000,312.541,<rdkit.Chem.rdchem.Mol object at 0x14e0961c7900>,,,,,,,,,,,,
162,CCCCCCCCCC=CC(O)CCCC(CC)CCC,<rdkit.Chem.rdchem.Mol object at 0x14e0961cd040>,"['ReplaceBond', 'ReplaceAtom', 'ReplaceAtom']",22,Generation_5_Molecule_162,-0.00000,310.56600000000003,<rdkit.Chem.rdchem.Mol object at 0x14e0961c7580>,,,,,,,,,,,,
163,CCCc1cccc(CCCOCCCCCOCC)c1,<rdkit.Chem.rdchem.Mol object at 0x14e0961cd190>,"['RemoveAtom', 'ReplaceBond', 'RemoveAtom']",21,Generation_5_Molecule_163,0.00000,292.46299999999997,<rdkit.Chem.rdchem.Mol object at 0x14e0961b7430>,,,,,,,,,,,,
164,CCCCc1ccc(CCCCCCCC(=O)OCC)cc1,<rdkit.Chem.rdchem.Mol object at 0x14e0961cd270>,"['RemoveAtom', 'ReplaceAtom', 'AddAtom']",22,Generation_5_Molecule_164,-0.00000,304.474,<rdkit.Chem.rdchem.Mol object at 0x14e0961c7820>,,,,,,,,,,,,
165,CCCC(=CCCCC(C)CCc1ccccc1C)CC,<rdkit.Chem.rdchem.Mol object at 0x14e0961cd4a0>,"['RemoveAtom', 'AddAtom', 'ReplaceBond']",21,Generation_5_Molecule_165,-0.00000,286.503,<rdkit.Chem.rdchem.Mol object at 0x14e0961b1270>,,,,,,,,,,,,
166,CCCCCCc1ccccc1CC(CC)CCc1cccc(CCC)c1,<rdkit.Chem.rdchem.Mol object at 0x14e0961cd5f0>,"['RemoveAtom', 'ReplaceBond', 'RemoveAtom']",27,Generation_5_Molecule_166,-0.00000,364.61699999999996,<rdkit.Chem.rdchem.Mol object at 0x14e0961c7b30>,,,,,,,,,,,,
167,CCCCC(=O)CCCc1ccccc1C(CC)CC,<rdkit.Chem.rdchem.Mol object at 0x14e0961cd740>,"['ReplaceBond', 'ReplaceAtom', 'ReplaceAtom']",20,Generation_5_Molecule_167,-0.00000,274.448,<rdkit.Chem.rdchem.Mol object at 0x14e0961cd430>,,,,,,,,,,,,
168,CCCC(CC)COCCC(C)=CCc1ccccc1C,<rdkit.Chem.rdchem.Mol object at 0x14e0961cd6d0>,"['RemoveAtom', 'AddAtom', 'ReplaceBond']",21,Generation_5_Molecule_168,0.00000,288.475,<rdkit.Chem.rdchem.Mol object at 0x14e0961b7040>,,,,,,,,,,,,
169,CC=CC(CC)c1ccccc1CCCCCCCC,<rdkit.Chem.rdchem.Mol object at 0x14e0961cd660>,"['ReplaceBond', 'ReplaceAtom', 'ReplaceAtom']",20,Generation_5_Molecule_169,0.00000,272.476,<rdkit.Chem.rdchem.Mol object at 0x14e0961b7970>,,,,,,,,,,,,
170,CC=CCCCCCCCCC(O)(CC)CCC,<rdkit.Chem.rdchem.Mol object at 0x14e0961c4f20>,"['RemoveAtom', 'RemoveAtom', 'AddAtom']",18,Generation_5_Molecule_170,-0.00000,254.45799999999997,<rdkit.Chem.rdchem.Mol object at 0x14e0961cd890>,,,,,,,,,,,,
171,CCOCOc1ccccc1CCc1ccc(C)cc1,<rdkit.Chem.rdchem.Mol object at 0x14e0961c46d0>,"['RemoveAtom', 'ReplaceAtom', 'AddAtom']",20,Generation_5_Molecule_171,0.00000,270.37199999999996,<rdkit.Chem.rdchem.Mol object at 0x14e0961c7f20>,,,,,,,,,,,,
172,CCC(CCCO)CCC(CC)c1ccccc1,<rdkit.Chem.rdchem.Mol object at 0x14e0961c43c0>,"['AddAtom', 'InsertAromatic', 'InsertAromatic']",18,Generation_5_Molecule_172,-0.00000,248.40999999999997,<rdkit.Chem.rdchem.Mol object at 0x14e0961c4c10>,,,,,,,,,,,,
173,CCCCC(CC)CCC(CC)c1ccccc1,<rdkit.Chem.rdchem.Mol object at 0x14e0961cdac0>,"['AddAtom', 'InsertAromatic', 'InsertAromatic']",18,Generation_5_Molecule_173,-0.00000,246.438,<rdkit.Chem.rdchem.Mol object at 0x14e0961c4510>,,,,,,,,,,,,
174,C=C(CCCCC)CCC(CC)c1ccccc1,<rdkit.Chem.rdchem.Mol object at 0x14e0961cd120>,"['AddAtom', 'InsertAromatic', 'InsertAromatic']",18,Generation_5_Molecule_174,0.00000,244.42199999999997,<rdkit.Chem.rdchem.Mol object at 0x14e0961cd0b0>,,,,,,,,,,,,
175,CCC(O)CCCCCCCCc1cccc(CCCCOC)c1,<rdkit.Chem.rdchem.Mol object at 0x14e0961cd9e0>,"['RemoveAtom', 'ReplaceBond', 'AddAtom']",24,Generation_5_Molecule_175,-0.00000,334.5439999999999,<rdkit.Chem.rdchem.Mol object at 0x14e0961b7120>,,,,,,,,,,,,
176,CCCC=CCCCCCC(O)(CC)CCC,<rdkit.Chem.rdchem.Mol object at 0x14e0961cd510>,"['RemoveAtom', 'RemoveAtom', 'AddAtom']",17,Generation_5_Molecule_176,-0.00000,240.43099999999998,<rdkit.Chem.rdchem.Mol object at 0x14e0961cdba0>,,,,,,,,,,,,
177,C=CC(O)CCCCC=CCCCCCCOC,<rdkit.Chem.rdchem.Mol object at 0x14e0961cd3c0>,"['RemoveAtom', 'ReplaceBond', 'AddAtom']",18,Generation_5_Molecule_177,0.00000,254.414,<rdkit.Chem.rdchem.Mol object at 0x14e0961c77b0>,,,,,,,,,,,,
178,C=CC(CCCC(C)CC)c1ccccc1C,<rdkit.Chem.rdchem.Mol object at 0x14e0961cd2e0>,"['ReplaceAtom', 'InsertAromatic', 'RemoveAtom']",17,Generation_5_Molecule_178,0.00000,230.39499999999998,<rdkit.Chem.rdchem.Mol object at 0x14e0961b7350>,,,,,,,,,,,,
179,CCCCCOCCC(=O)CC(C)O,<rdkit.Chem.rdchem.Mol object at 0x14e0961cd200>,"['AddAtom', 'RemoveAtom', 'RemoveAtom']",14,Generation_5_Molecule_179,0.00000,202.29399999999998,<rdkit.Chem.rdchem.Mol object at 0x14e0961c4ba0>,,,,,,,,,,,,
180,CCCCCCCCC(O)CCCOCC,<rdkit.Chem.rdchem.Mol object at 0x14e0961c4eb0>,"['RemoveAtom', 'ReplaceAtom', 'AddAtom']",16,Generation_5_Molecule_180,0.00000,230.392,<rdkit.Chem.rdchem.Mol object at 0x14e0961c76d0>,,,,,,,,,,,,
181,CC=CCCC(=O)CCCCCCCO,<rdkit.Chem.rdchem.Mol object at 0x14e0961cd350>,"['ReplaceAtom', 'ReplaceBond', 'ReplaceBond']",15,Generation_5_Molecule_181,0.00000,212.333,<rdkit.Chem.rdchem.Mol object at 0x14e0961b7820>,,,,,,,,,,,,
182,CCCCCCCCCC(=O)CCO,<rdkit.Chem.rdchem.Mol object at 0x14e0961cd820>,"['AddAtom', 'RemoveAtom', 'RemoveAtom']",14,Generation_5_Molecule_182,0.00000,200.322,<rdkit.Chem.rdchem.Mol object at 0x14e0961cdc10>,,,,,,,,,,,,
183,CCCCCC(O)CCCCC=CCO,<rdkit.Chem.rdchem.Mol object at 0x14e0961cd580>,"['ReplaceAtom', 'ReplaceBond', 'ReplaceBond']",15,Generation_5_Molecule_183,-0.00000,214.349,<rdkit.Chem.rdchem.Mol object at 0x14e0961c7d60>,,,,,,,,,,,,
184,CCCOCCc1ccccc1OCO,<rdkit.Chem.rdchem.Mol object at 0x14e0961cdb30>,"['AddAtom', 'InsertAromatic', 'ReplaceAtom']",15,Generation_5_Molecule_184,0.00000,210.27300000000002,<rdkit.Chem.rdchem.Mol object at 0x14e0961c4040>,,,,,,,,,,,,
185,CCOCC(C)Oc1ccc(CC=O)cc1,<rdkit.Chem.rdchem.Mol object at 0x14e0961cd7b0>,"['AddAtom', 'AddAtom', 'InsertAromatic']",16,Generation_5_Molecule_185,0.00000,222.284,<rdkit.Chem.rdchem.Mol object at 0x14e0961c4120>,,,,,,,,,,,,
186,CCCc1cccc(OCCOCC)c1,<rdkit.Chem.rdchem.Mol object at 0x14e0961cd970>,"['RemoveAtom', 'ReplaceBond', 'RemoveAtom']",15,Generation_5_Molecule_186,0.00000,208.301,<rdkit.Chem.rdchem.Mol object at 0x14e0961f8510>,,,,,,,,,,,,
187,CCCCCc1ccccc1CCO,<rdkit.Chem.rdchem.Mol object at 0x14e0961cd900>,"['AddAtom', 'InsertAromatic', 'ReplaceAtom']",14,Generation_5_Molecule_187,0.00000,192.302,<rdkit.Chem.rdchem.Mol object at 0x14e0961cdcf0>,,,,,,,,,,,,
188,CC(C)CCCOc1ccc(CC=O)cc1,<rdkit.Chem.rdchem.Mol object at 0x14e0961cdf90>,"['AddAtom', 'AddAtom', 'InsertAromatic']",16,Generation_5_Molecule_188,0.00000,220.31199999999998,<rdkit.Chem.rdchem.Mol object at 0x14e0961b7660>,,,,,,,,,,,,
189,CCC(C)COCCc1ccccc1C,<rdkit.Chem.rdchem.Mol object at 0x14e0961cda50>,"['ReplaceAtom', 'InsertAromatic', 'RemoveAtom']",15,Generation_5_Molecule_189,0.00000,206.32899999999998,<rdkit.Chem.rdchem.Mol object at 0x14e0961b1660>,,,,,,,,,,,,
190,CCCCCC(CCC)CCCCCCCCCCCC(CC)CCCCCc1ccccc1CCO,<rdkit.Chem.rdchem.Mol object at 0x14e0961cddd0>,"['AddAtom', 'InsertAromatic', 'ReplaceAtom']",37,Generation_6_Molecule_190,-0.00000,514.923,<rdkit.Chem.rdchem.Mol object at 0x14e0961c7a50>,,,,,,,,,,,,
191,CCCC(CCC)CCCC(CC)CCCCCc1ccccc1CCO,<rdkit.Chem.rdchem.Mol object at 0x14e0961d6200>,"['AddAtom', 'InsertAromatic', 'ReplaceAtom']",27,Generation_6_Molecule_191,-0.00000,374.653,<rdkit.Chem.rdchem.Mol object at 0x14e0961cdd60>,,,,,,,,,,,,
192,CC=C(CCC)CCCCC=CC(C)CCCCCCCCC,<rdkit.Chem.rdchem.Mol object at 0x14e0961d63c0>,"['ReplaceBond', 'ReplaceAtom', 'ReplaceAtom']",23,Generation_6_Molecule_192,-0.00000,320.605,<rdkit.Chem.rdchem.Mol object at 0x14e0961c4b30>,,,,,,,,,,,,
193,C=C(CCCC(C)=C(C)Cc1ccccc1C)C(=CC)CCC,<rdkit.Chem.rdchem.Mol object at 0x14e0961d6270>,"['RemoveAtom', 'AddAtom', 'ReplaceBond']",23,Generation_6_Molecule_193,-0.00000,310.525,<rdkit.Chem.rdchem.Mol object at 0x14e0961c4f90>,,,,,,,,,,,,
194,CCCC(CC)CCCCCCCCCCCCCCCO,<rdkit.Chem.rdchem.Mol object at 0x14e0961cdc80>,"['ReplaceBond', 'ReplaceAtom', 'ReplaceAtom']",22,Generation_6_Molecule_194,-0.00000,312.582,<rdkit.Chem.rdchem.Mol object at 0x14e0961f8f90>,,,,,,,,,,,,
195,CC=CC(C=CCCCCCCCCCCCCCC)OC,<rdkit.Chem.rdchem.Mol object at 0x14e0961cde40>,"['ReplaceBond', 'ReplaceAtom', 'ReplaceAtom']",22,Generation_6_Molecule_195,0.00000,308.55,<rdkit.Chem.rdchem.Mol object at 0x14e0961c4d60>,,,,,,,,,,,,
196,CCCCCCCCCC=CC(O)CCc1ccccc1CC(CC)CCC,<rdkit.Chem.rdchem.Mol object at 0x14e0961cdeb0>,"['ReplaceBond', 'ReplaceAtom', 'ReplaceAtom']",28,Generation_6_Molecule_196,-0.00000,386.664,<rdkit.Chem.rdchem.Mol object at 0x14e0961cd040>,,,,,,,,,,,,
197,CCCCCCCCCCC=CCCCCCCCCCCCCC(CC)CCC,<rdkit.Chem.rdchem.Mol object at 0x14e0961d6510>,"['ReplaceBond', 'ReplaceAtom', 'ReplaceAtom']",30,Generation_6_Molecule_197,-0.00000,420.81,<rdkit.Chem.rdchem.Mol object at 0x14e0961c44a0>,,,,,,,,,,,,
198,COCCCCCCCCCCCc1ccccc1CCO,<rdkit.Chem.rdchem.Mol object at 0x14e0961d62e0>,"['AddAtom', 'InsertAromatic', 'ReplaceAtom']",22,Generation_6_Molecule_198,-0.00000,306.48999999999995,<rdkit.Chem.rdchem.Mol object at 0x14e0961b76d0>,,,,,,,,,,,,
199,CCCCOCCC(CC)CCc1cccc(CCC)c1,<rdkit.Chem.rdchem.Mol object at 0x14e0961d6970>,"['RemoveAtom', 'ReplaceBond', 'RemoveAtom']",21,Generation_6_Molecule_199,0.00000,290.491,<rdkit.Chem.rdchem.Mol object at 0x14e0961d6580>,,,,,,,,,,,,
200,CCCCc1ccc(CCCCCCCC(=O)CC)cc1,<rdkit.Chem.rdchem.Mol object at 0x14e0961d6a50>,"['RemoveAtom', 'ReplaceAtom', 'AddAtom']",21,Generation_6_Molecule_200,-0.00000,288.475,<rdkit.Chem.rdchem.Mol object at 0x14e0961d67b0>,,,,,,,,,,,,
201,CCCCCCCC(CC)CCc1cccc(CCC)c1,<rdkit.Chem.rdchem.Mol object at 0x14e0961d6740>,"['RemoveAtom', 'ReplaceBond', 'RemoveAtom']",21,Generation_6_Molecule_201,-0.00000,288.519,<rdkit.Chem.rdchem.Mol object at 0x14e0961d6900>,,,,,,,,,,,,
202,CCCCCCCCC=CCCCc1ccccc1CCc1ccccc1O,<rdkit.Chem.rdchem.Mol object at 0x14e0961d6660>,"['AddAtom', 'InsertAromatic', 'ReplaceAtom']",28,Generation_6_Molecule_202,-0.00000,378.6,<rdkit.Chem.rdchem.Mol object at 0x14e0961c4e40>,,,,,,,,,,,,
203,C=C(CCCC(C)=CCc1ccccc1)C(CC)CCC,<rdkit.Chem.rdchem.Mol object at 0x14e0961d6820>,"['RemoveAtom', 'AddAtom', 'ReplaceBond']",21,Generation_6_Molecule_203,-0.00000,284.48699999999997,<rdkit.Chem.rdchem.Mol object at 0x14e0961d6c10>,,,,,,,,,,,,
204,CCCCCCCCCC=CCCOCC(CC)CCC,<rdkit.Chem.rdchem.Mol object at 0x14e0961d6ba0>,"['ReplaceBond', 'ReplaceAtom', 'ReplaceAtom']",21,Generation_6_Molecule_204,-0.00000,296.539,<rdkit.Chem.rdchem.Mol object at 0x14e0961c7580>,,,,,,,,,,,,
205,CCCc1cccc(CCCOCOCCCOCC)c1,<rdkit.Chem.rdchem.Mol object at 0x14e0961d66d0>,"['RemoveAtom', 'ReplaceBond', 'RemoveAtom']",21,Generation_6_Molecule_205,0.00000,294.435,<rdkit.Chem.rdchem.Mol object at 0x14e0961cd190>,,,,,,,,,,,,
206,CCC=CCCCCOCCCc1cccc(CCC)c1,<rdkit.Chem.rdchem.Mol object at 0x14e0961d6d60>,"['RemoveAtom', 'ReplaceBond', 'RemoveAtom']",21,Generation_6_Molecule_206,-0.00000,288.475,<rdkit.Chem.rdchem.Mol object at 0x14e0961b7430>,,,,,,,,,,,,
207,CCOCCCCCCCCc1ccc(CC(=O)CC)cc1,<rdkit.Chem.rdchem.Mol object at 0x14e0961d6dd0>,"['RemoveAtom', 'ReplaceAtom', 'AddAtom']",22,Generation_6_Molecule_207,0.00000,304.474,<rdkit.Chem.rdchem.Mol object at 0x14e0961c7820>,,,,,,,,,,,,
208,C=CC(CCCCC(CC)CCC)CCc1ccccc1C,<rdkit.Chem.rdchem.Mol object at 0x14e0961cdf20>,"['RemoveAtom', 'AddAtom', 'ReplaceBond']",22,Generation_6_Molecule_208,-0.00000,300.53,<rdkit.Chem.rdchem.Mol object at 0x14e0961b1270>,,,,,,,,,,,,
209,CCCCCC(CC)CCCCCCCC(CC)CCc1cccc(CCC)c1,<rdkit.Chem.rdchem.Mol object at 0x14e0961d6190>,"['RemoveAtom', 'ReplaceBond', 'RemoveAtom']",29,Generation_6_Molecule_209,-0.00000,400.73499999999996,<rdkit.Chem.rdchem.Mol object at 0x14e0961c7b30>,,,,,,,,,,,,
210,CCCCC(=O)CCCc1ccccc1C(CC)Cc1ccccc1CC,<rdkit.Chem.rdchem.Mol object at 0x14e0961d69e0>,"['ReplaceBond', 'ReplaceAtom', 'ReplaceAtom']",27,Generation_6_Molecule_210,-0.00000,364.57300000000004,<rdkit.Chem.rdchem.Mol object at 0x14e0961c7970>,,,,,,,,,,,,
211,CCCC(=CCCCC(C)CCc1ccccc1)CC,<rdkit.Chem.rdchem.Mol object at 0x14e0961d6f90>,"['RemoveAtom', 'AddAtom', 'ReplaceBond']",20,Generation_6_Molecule_211,-0.00000,272.476,<rdkit.Chem.rdchem.Mol object at 0x14e0961d65f0>,,,,,,,,,,,,
212,CCCCCCCc1ccccc1C(CC)CCC,<rdkit.Chem.rdchem.Mol object at 0x14e0961dd040>,"['ReplaceBond', 'ReplaceAtom', 'ReplaceAtom']",19,Generation_6_Molecule_212,-0.00000,260.465,<rdkit.Chem.rdchem.Mol object at 0x14e0961d6c80>,,,,,,,,,,,,
213,CCCCC(=O)CCOc1ccccc1C(CC)CC,<rdkit.Chem.rdchem.Mol object at 0x14e0961d6eb0>,"['ReplaceBond', 'ReplaceAtom', 'ReplaceAtom']",20,Generation_6_Molecule_213,0.00000,276.41999999999996,<rdkit.Chem.rdchem.Mol object at 0x14e0961cd740>,,,,,,,,,,,,
214,COCOc1ccccc1CCc1ccc(C)cc1,<rdkit.Chem.rdchem.Mol object at 0x14e0961d6b30>,"['RemoveAtom', 'ReplaceAtom', 'AddAtom']",19,Generation_6_Molecule_214,0.00000,256.34499999999997,<rdkit.Chem.rdchem.Mol object at 0x14e0961d6cf0>,,,,,,,,,,,,
215,CCCCCCCCC(CC)CCCCCC(CC)c1ccccc1,<rdkit.Chem.rdchem.Mol object at 0x14e0961d64a0>,"['AddAtom', 'InsertAromatic', 'InsertAromatic']",25,Generation_6_Molecule_215,-0.00000,344.62699999999995,<rdkit.Chem.rdchem.Mol object at 0x14e0961b12e0>,,,,,,,,,,,,
216,CCCCCCCCc1ccccc1CCCC,<rdkit.Chem.rdchem.Mol object at 0x14e0961dd0b0>,"['ReplaceBond', 'ReplaceBond', 'RemoveAtom']",18,Generation_6_Molecule_216,0.00000,246.438,<rdkit.Chem.rdchem.Mol object at 0x14e0961d6120>,,,,,,,,,,,,
217,CCC(O)CCCCCc1ccccc1CCCCCCCOC,<rdkit.Chem.rdchem.Mol object at 0x14e0961dd120>,"['RemoveAtom', 'ReplaceBond', 'AddAtom']",24,Generation_6_Molecule_217,-0.00000,334.5439999999999,<rdkit.Chem.rdchem.Mol object at 0x14e0961b7120>,,,,,,,,,,,,
218,CCCCCCCCCCC(O)(CC)CCC,<rdkit.Chem.rdchem.Mol object at 0x14e0961dd4a0>,"['RemoveAtom', 'RemoveAtom', 'AddAtom']",17,Generation_6_Molecule_218,-0.00000,242.44699999999997,<rdkit.Chem.rdchem.Mol object at 0x14e0961dd430>,,,,,,,,,,,,
219,CCC(O)CCOCC=CCCCCCCOC,<rdkit.Chem.rdchem.Mol object at 0x14e0961dd580>,"['RemoveAtom', 'ReplaceBond', 'AddAtom']",18,Generation_6_Molecule_219,0.00000,258.402,<rdkit.Chem.rdchem.Mol object at 0x14e0961c77b0>,,,,,,,,,,,,
220,CC=CCCCCCCCC(O)(CC)CCC,<rdkit.Chem.rdchem.Mol object at 0x14e0961d6f20>,"['RemoveAtom', 'RemoveAtom', 'AddAtom']",17,Generation_6_Molecule_220,-0.00000,240.43099999999998,<rdkit.Chem.rdchem.Mol object at 0x14e0961dd270>,,,,,,,,,,,,
221,C=CC(O)C(O)CCCC=CCCCCCCOC,<rdkit.Chem.rdchem.Mol object at 0x14e0961d6ac0>,"['RemoveAtom', 'ReplaceBond', 'AddAtom']",19,Generation_6_Molecule_221,0.00000,270.413,<rdkit.Chem.rdchem.Mol object at 0x14e0961cd3c0>,,,,,,,,,,,,
222,CCC(CCC(CC)c1ccccc1)CC(O)CO,<rdkit.Chem.rdchem.Mol object at 0x14e0961d6890>,"['AddAtom', 'InsertAromatic', 'InsertAromatic']",19,Generation_6_Molecule_222,-0.00000,264.409,<rdkit.Chem.rdchem.Mol object at 0x14e0961c43c0>,,,,,,,,,,,,
223,CCCC=CCCCCC(O)C(O)(CC)CCC,<rdkit.Chem.rdchem.Mol object at 0x14e0961d60b0>,"['RemoveAtom', 'RemoveAtom', 'AddAtom']",18,Generation_6_Molecule_223,-0.00000,256.43,<rdkit.Chem.rdchem.Mol object at 0x14e0961cd510>,,,,,,,,,,,,
224,C=CC(CCc1ccccc1CC(C)CC)c1ccccc1C,<rdkit.Chem.rdchem.Mol object at 0x14e0961dd200>,"['ReplaceAtom', 'InsertAromatic', 'RemoveAtom']",23,Generation_6_Molecule_224,-0.00000,306.493,<rdkit.Chem.rdchem.Mol object at 0x14e0961cd2e0>,,,,,,,,,,,,
225,CCCCCC(CCC)CCCCCCCCCCCC(CC)CCCCc1ccccc1CCO,<rdkit.Chem.rdchem.Mol object at 0x14e0961dd740>,"['AddAtom', 'InsertAromatic', 'ReplaceAtom']",36,Generation_7_Molecule_225,-0.00000,500.896,<rdkit.Chem.rdchem.Mol object at 0x14e0961d6e40>,,,,,,,,,,,,
226,CCCCCCCCCCC=CCCCCCCCCCCCC(CC)CCC,<rdkit.Chem.rdchem.Mol object at 0x14e0961dd190>,"['ReplaceBond', 'ReplaceAtom', 'ReplaceAtom']",29,Generation_7_Molecule_226,-0.00000,406.78299999999996,<rdkit.Chem.rdchem.Mol object at 0x14e0961d6430>,,,,,,,,,,,,
227,CCCCCC(CCC)CCCC(CC)CCCCCCCCCCCCCc1ccccc1CCO,<rdkit.Chem.rdchem.Mol object at 0x14e0961dd7b0>,"['AddAtom', 'InsertAromatic', 'ReplaceAtom']",37,Generation_7_Molecule_227,-0.00000,514.923,<rdkit.Chem.rdchem.Mol object at 0x14e0961c7a50>,,,,,,,,,,,,
228,CCCCCC(CC)CCCCCCCC(CO)CCc1cccc(CCC)c1,<rdkit.Chem.rdchem.Mol object at 0x14e0961dd350>,"['RemoveAtom', 'ReplaceBond', 'RemoveAtom']",29,Generation_7_Molecule_228,-0.00000,402.707,<rdkit.Chem.rdchem.Mol object at 0x14e0961d6190>,,,,,,,,,,,,
229,C=CC(CCCC)CCCC(CC)CCCCCc1ccccc1CCO,<rdkit.Chem.rdchem.Mol object at 0x14e0961dda50>,"['AddAtom', 'InsertAromatic', 'ReplaceAtom']",27,Generation_7_Molecule_229,-0.00000,372.63700000000006,<rdkit.Chem.rdchem.Mol object at 0x14e0961dd3c0>,,,,,,,,,,,,
230,C=CC(CCC)Cc1ccccc1CCC(O)C=CCCCCCCCCC,<rdkit.Chem.rdchem.Mol object at 0x14e0961ddb30>,"['ReplaceBond', 'ReplaceAtom', 'ReplaceAtom']",28,Generation_7_Molecule_230,-0.00000,384.648,<rdkit.Chem.rdchem.Mol object at 0x14e0961cdeb0>,,,,,,,,,,,,
231,CCCCCCCCC(CC)CC=CCC(CC)c1ccccc1,<rdkit.Chem.rdchem.Mol object at 0x14e0961ddd60>,"['AddAtom', 'InsertAromatic', 'InsertAromatic']",24,Generation_7_Molecule_231,-0.00000,328.584,<rdkit.Chem.rdchem.Mol object at 0x14e0961ddc80>,,,,,,,,,,,,
232,CCC(O)CCCCCCCCc1cccc(CCCOC)c1,<rdkit.Chem.rdchem.Mol object at 0x14e0961dd9e0>,"['RemoveAtom', 'ReplaceBond', 'AddAtom']",23,Generation_7_Molecule_232,-0.00000,320.517,<rdkit.Chem.rdchem.Mol object at 0x14e0961ddf90>,,,,,,,,,,,,
233,CCC(O)CCCCCc1ccccc1CCCCCOCOC,<rdkit.Chem.rdchem.Mol object at 0x14e0961dd510>,"['RemoveAtom', 'ReplaceBond', 'AddAtom']",24,Generation_7_Molecule_233,-0.00000,336.516,<rdkit.Chem.rdchem.Mol object at 0x14e0961dd120>,,,,,,,,,,,,
234,CCCCCCCCCC(C)C=CCOCCC(CC)CCC,<rdkit.Chem.rdchem.Mol object at 0x14e0961dd660>,"['ReplaceBond', 'ReplaceAtom', 'ReplaceAtom']",23,Generation_7_Molecule_234,-0.00000,324.59299999999996,<rdkit.Chem.rdchem.Mol object at 0x14e0961c4b30>,,,,,,,,,,,,
235,C=C(CCC)CCCCC=CC(C)CCCCCCCCC,<rdkit.Chem.rdchem.Mol object at 0x14e0961dd6d0>,"['ReplaceBond', 'ReplaceAtom', 'ReplaceAtom']",22,Generation_7_Molecule_235,-0.00000,306.578,<rdkit.Chem.rdchem.Mol object at 0x14e0961ddac0>,,,,,,,,,,,,
236,CCCC(=CCCCCCCCCCCCCCO)CC,<rdkit.Chem.rdchem.Mol object at 0x14e0961dd890>,"['ReplaceBond', 'ReplaceAtom', 'ReplaceAtom']",21,Generation_7_Molecule_236,-0.00000,296.539,<rdkit.Chem.rdchem.Mol object at 0x14e0961ddc10>,,,,,,,,,,,,
237,C=C(CCC)C(=C)CCCC(C)=C(C)Cc1ccccc1C,<rdkit.Chem.rdchem.Mol object at 0x14e0961ddeb0>,"['RemoveAtom', 'AddAtom', 'ReplaceBond']",22,Generation_7_Molecule_237,-0.00000,296.49799999999993,<rdkit.Chem.rdchem.Mol object at 0x14e0961ddf20>,,,,,,,,,,,,
238,C=C(CCCCCCCC)CCCCCCCC(CC)CCC,<rdkit.Chem.rdchem.Mol object at 0x14e0961dde40>,"['ReplaceBond', 'ReplaceAtom', 'ReplaceAtom']",23,Generation_7_Molecule_238,-0.00000,322.621,<rdkit.Chem.rdchem.Mol object at 0x14e0961f8f90>,,,,,,,,,,,,
239,CC=CC(CCCCCCCCCCC=CCCCC)OC,<rdkit.Chem.rdchem.Mol object at 0x14e0961d80b0>,"['ReplaceBond', 'ReplaceAtom', 'ReplaceAtom']",22,Generation_7_Molecule_239,-0.00000,308.55,<rdkit.Chem.rdchem.Mol object at 0x14e0961c4d60>,,,,,,,,,,,,
240,CCCCCCCCCCC=CCC=CCC(CC)CCC,<rdkit.Chem.rdchem.Mol object at 0x14e0961d8270>,"['ReplaceBond', 'ReplaceAtom', 'ReplaceAtom']",22,Generation_7_Molecule_240,-0.00000,306.578,<rdkit.Chem.rdchem.Mol object at 0x14e0961b7510>,,,,,,,,,,,,
241,CC=CC(CC)CCCCC=CCCCCCCCCC,<rdkit.Chem.rdchem.Mol object at 0x14e0961d8660>,"['ReplaceBond', 'ReplaceAtom', 'ReplaceAtom']",21,Generation_7_Molecule_241,-0.00000,292.551,<rdkit.Chem.rdchem.Mol object at 0x14e0961d8350>,,,,,,,,,,,,
242,CC=CC(CC)CCCCCCCCCCCCC=CCC,<rdkit.Chem.rdchem.Mol object at 0x14e0961d83c0>,"['ReplaceBond', 'ReplaceAtom', 'ReplaceAtom']",22,Generation_7_Molecule_242,-0.00000,306.578,<rdkit.Chem.rdchem.Mol object at 0x14e0961c44a0>,,,,,,,,,,,,
243,CC=CC(C=CCCC=CCCCCCCCCC)OC,<rdkit.Chem.rdchem.Mol object at 0x14e0961d6040>,"['ReplaceBond', 'ReplaceAtom', 'ReplaceAtom']",21,Generation_7_Molecule_243,0.00000,292.507,<rdkit.Chem.rdchem.Mol object at 0x14e0961d82e0>,,,,,,,,,,,,
244,CCCCCOCCCCCCCc1ccccc1CCO,<rdkit.Chem.rdchem.Mol object at 0x14e0961dd5f0>,"['AddAtom', 'InsertAromatic', 'ReplaceAtom']",22,Generation_7_Molecule_244,-0.00000,306.48999999999995,<rdkit.Chem.rdchem.Mol object at 0x14e0961b76d0>,,,,,,,,,,,,
245,CCCCOCCC(CC)CCCc1cccc(CCc2ccc(C)cc2)c1,<rdkit.Chem.rdchem.Mol object at 0x14e0961dd970>,"['RemoveAtom', 'ReplaceBond', 'RemoveAtom']",28,Generation_7_Molecule_245,-0.00000,380.616,<rdkit.Chem.rdchem.Mol object at 0x14e0961c4dd0>,,,,,,,,,,,,
246,CCOC(=O)CCCCCCCc1ccc(CCCC=O)cc1,<rdkit.Chem.rdchem.Mol object at 0x14e0961d86d0>,"['RemoveAtom', 'ReplaceAtom', 'AddAtom']",23,Generation_7_Molecule_246,0.00000,318.457,<rdkit.Chem.rdchem.Mol object at 0x14e0961cd270>,,,,,,,,,,,,
247,CCOCCCCCCCCc1ccc(CC(=O)CC)cc1O,<rdkit.Chem.rdchem.Mol object at 0x14e0961d8510>,"['RemoveAtom', 'ReplaceAtom', 'AddAtom']",23,Generation_7_Molecule_247,-0.00000,320.473,<rdkit.Chem.rdchem.Mol object at 0x14e0961d6dd0>,,,,,,,,,,,,
248,C=CC(CCCCCCCCCCCCC(CC)CCC)CCc1ccccc1C,<rdkit.Chem.rdchem.Mol object at 0x14e0961d8040>,"['RemoveAtom', 'AddAtom', 'ReplaceBond']",30,Generation_7_Molecule_248,-0.00000,412.746,<rdkit.Chem.rdchem.Mol object at 0x14e0961cdf20>,,,,,,,,,,,,
249,C=CC(CCC)C(=C)CCCC(C)=CCc1ccccc1C,<rdkit.Chem.rdchem.Mol object at 0x14e0961d8190>,"['RemoveAtom', 'AddAtom', 'ReplaceBond']",22,Generation_7_Molecule_249,0.00000,296.49799999999993,<rdkit.Chem.rdchem.Mol object at 0x14e0961c7900>,,,,,,,,,,,,
250,CCCCCCCCCC=CCCOCC(CC)C(=O)CC,<rdkit.Chem.rdchem.Mol object at 0x14e0961d8580>,"['ReplaceBond', 'ReplaceAtom', 'ReplaceAtom']",22,Generation_7_Molecule_250,-0.00000,310.522,<rdkit.Chem.rdchem.Mol object at 0x14e0961d6ba0>,,,,,,,,,,,,
251,CCCCCCCCCC=CCC(O)CCC(CC)CCC,<rdkit.Chem.rdchem.Mol object at 0x14e0961d84a0>,"['ReplaceBond', 'ReplaceAtom', 'ReplaceAtom']",22,Generation_7_Molecule_251,-0.00000,310.56600000000003,<rdkit.Chem.rdchem.Mol object at 0x14e0961c7580>,,,,,,,,,,,,
252,CCCCCCCCOCCCCCCCCCc1cccc(CCC)c1,<rdkit.Chem.rdchem.Mol object at 0x14e0961d8c10>,"['RemoveAtom', 'ReplaceBond', 'RemoveAtom']",27,Generation_7_Molecule_252,-0.00000,374.653,<rdkit.Chem.rdchem.Mol object at 0x14e0961b7430>,,,,,,,,,,,,
253,CCCCc1ccc(CCC=CCCCCOCC)cc1,<rdkit.Chem.rdchem.Mol object at 0x14e0961ddba0>,"['RemoveAtom', 'ReplaceAtom', 'AddAtom']",21,Generation_7_Molecule_253,-0.00000,288.475,<rdkit.Chem.rdchem.Mol object at 0x14e0961c7820>,,,,,,,,,,,,
254,CCCCOCOC(CC)CCc1cccc(CCC)c1,<rdkit.Chem.rdchem.Mol object at 0x14e0961dd2e0>,"['RemoveAtom', 'ReplaceBond', 'RemoveAtom']",21,Generation_7_Molecule_254,0.00000,292.46299999999997,<rdkit.Chem.rdchem.Mol object at 0x14e0961d6970>,,,,,,,,,,,,
255,CC=C(CCC)CCCCC(C)CCc1ccccc1C,<rdkit.Chem.rdchem.Mol object at 0x14e0961d8900>,"['RemoveAtom', 'AddAtom', 'ReplaceBond']",21,Generation_7_Molecule_255,-0.00000,286.503,<rdkit.Chem.rdchem.Mol object at 0x14e0961b1270>,,,,,,,,,,,,
256,CC=C(CCCCCCC)CCc1cccc(CCC)c1,<rdkit.Chem.rdchem.Mol object at 0x14e0961d8120>,"['RemoveAtom', 'ReplaceBond', 'RemoveAtom']",21,Generation_7_Molecule_256,0.00000,286.503,<rdkit.Chem.rdchem.Mol object at 0x14e0961c7b30>,,,,,,,,,,,,
257,C=C(CCCCCCC)CCc1cccc(CCC)c1,<rdkit.Chem.rdchem.Mol object at 0x14e0961d8b30>,"['RemoveAtom', 'ReplaceBond', 'RemoveAtom']",20,Generation_7_Molecule_257,0.00000,272.476,<rdkit.Chem.rdchem.Mol object at 0x14e0961d87b0>,,,,,,,,,,,,
258,CCCCC(=O)CCCc1ccccc1C(C)CCC,<rdkit.Chem.rdchem.Mol object at 0x14e0961d8430>,"['ReplaceBond', 'ReplaceAtom', 'ReplaceAtom']",20,Generation_7_Molecule_258,-0.00000,274.448,<rdkit.Chem.rdchem.Mol object at 0x14e0961d89e0>,,,,,,,,,,,,
259,CCCC(CC)OCCC(C)=CCc1ccccc1C,<rdkit.Chem.rdchem.Mol object at 0x14e0961d8970>,"['RemoveAtom', 'AddAtom', 'ReplaceBond']",20,Generation_7_Molecule_259,0.00000,274.448,<rdkit.Chem.rdchem.Mol object at 0x14e0961d85f0>,,,,,,,,,,,,
260,CCCCCC(CCC)CCCCCCCC(O)CCCC(CC)CCCCCc1ccccc1CCO,<rdkit.Chem.rdchem.Mol object at 0x14e0961dd900>,"['AddAtom', 'InsertAromatic', 'ReplaceAtom']",38,Generation_8_Molecule_260,-0.00000,530.922,<rdkit.Chem.rdchem.Mol object at 0x14e0961cddd0>,,,,,,,,,,,,
261,CCCCCC(CCC)CCCC(CO)CCCCCCCCCCCCCc1ccccc1CCO,<rdkit.Chem.rdchem.Mol object at 0x14e0961dddd0>,"['AddAtom', 'InsertAromatic', 'ReplaceAtom']",37,Generation_8_Molecule_261,-0.00000,516.895,<rdkit.Chem.rdchem.Mol object at 0x14e0961dd7b0>,,,,,,,,,,,,
262,CC=C(CCCCCCCCCCCC(CCC)CCCCC)CCCCc1ccccc1CCO,<rdkit.Chem.rdchem.Mol object at 0x14e0961d8890>,"['AddAtom', 'InsertAromatic', 'ReplaceAtom']",36,Generation_8_Molecule_262,-0.00000,498.88,<rdkit.Chem.rdchem.Mol object at 0x14e0961dd740>,,,,,,,,,,,,
263,CCCCCCCCCCC=CCCCCCCCC=CCCCC(CC)CCC,<rdkit.Chem.rdchem.Mol object at 0x14e0961d8ac0>,"['ReplaceBond', 'ReplaceAtom', 'ReplaceAtom']",30,Generation_8_Molecule_263,-0.00000,418.794,<rdkit.Chem.rdchem.Mol object at 0x14e0961d6510>,,,,,,,,,,,,
264,C=CC(CCCCCCCCCCCC(CC)CCC)CCc1ccccc1C,<rdkit.Chem.rdchem.Mol object at 0x14e0961d8eb0>,"['RemoveAtom', 'AddAtom', 'ReplaceBond']",29,Generation_8_Molecule_264,-0.00000,398.71899999999994,<rdkit.Chem.rdchem.Mol object at 0x14e0961d8200>,,,,,,,,,,,,
265,CCCC(CC)CCCCCCCCCCCC=CCCCCCCCCOC,<rdkit.Chem.rdchem.Mol object at 0x14e0961d8e40>,"['ReplaceBond', 'ReplaceAtom', 'ReplaceAtom']",29,Generation_8_Molecule_265,-0.00000,408.755,<rdkit.Chem.rdchem.Mol object at 0x14e0961dd190>,,,,,,,,,,,,
266,CCCCCC(CCC)OCCC(CC)CCCCCc1ccccc1CCO,<rdkit.Chem.rdchem.Mol object at 0x14e0961d8a50>,"['AddAtom', 'InsertAromatic', 'ReplaceAtom']",29,Generation_8_Molecule_266,-0.00000,404.679,<rdkit.Chem.rdchem.Mol object at 0x14e0961c7a50>,,,,,,,,,,,,
267,CCCCOC(CC)CCCCCCCC(CO)CCc1cccc(CCC)c1,<rdkit.Chem.rdchem.Mol object at 0x14e096168040>,"['RemoveAtom', 'ReplaceBond', 'RemoveAtom']",29,Generation_8_Molecule_267,-0.00000,404.679,<rdkit.Chem.rdchem.Mol object at 0x14e0961dd350>,,,,,,,,,,,,
268,CCCCCC(CC)CCCCCCCC(C)CCc1cccc(CCC)c1,<rdkit.Chem.rdchem.Mol object at 0x14e0961d8ba0>,"['RemoveAtom', 'ReplaceBond', 'RemoveAtom']",28,Generation_8_Molecule_268,-0.00000,386.70799999999997,<rdkit.Chem.rdchem.Mol object at 0x14e0961ddcf0>,,,,,,,,,,,,
269,CCCCC(CCC)CCCC(C=CCCCc1ccccc1CCO)CC,<rdkit.Chem.rdchem.Mol object at 0x14e0961d8d60>,"['AddAtom', 'InsertAromatic', 'ReplaceAtom']",28,Generation_8_Molecule_269,-0.00000,386.664,<rdkit.Chem.rdchem.Mol object at 0x14e0961c4c80>,,,,,,,,,,,,
270,CCCCCCCCCC=CC(O)CCc1ccccc1CC(CC)COC,<rdkit.Chem.rdchem.Mol object at 0x14e0961d8dd0>,"['ReplaceBond', 'ReplaceAtom', 'ReplaceAtom']",28,Generation_8_Molecule_270,-0.00000,388.636,<rdkit.Chem.rdchem.Mol object at 0x14e0961cdeb0>,,,,,,,,,,,,
271,C=CC(CCC)Cc1ccccc1CCC(O)C=CCCCCc1ccccc1CCCCC,<rdkit.Chem.rdchem.Mol object at 0x14e0961682e0>,"['ReplaceBond', 'ReplaceAtom', 'ReplaceAtom']",34,Generation_8_Molecule_271,-0.00000,460.74600000000004,<rdkit.Chem.rdchem.Mol object at 0x14e0961ddb30>,,,,,,,,,,,,
272,CCCC(CCC)CCCC(CC)CCCCc1ccccc1CCO,<rdkit.Chem.rdchem.Mol object at 0x14e0961685f0>,"['AddAtom', 'InsertAromatic', 'ReplaceAtom']",26,Generation_8_Molecule_272,-0.00000,360.626,<rdkit.Chem.rdchem.Mol object at 0x14e096168430>,,,,,,,,,,,,
273,CCCCCCCOCCCCCCCCCc1cccc(CCC)c1,<rdkit.Chem.rdchem.Mol object at 0x14e0961686d0>,"['RemoveAtom', 'ReplaceBond', 'RemoveAtom']",26,Generation_8_Molecule_273,-0.00000,360.626,<rdkit.Chem.rdchem.Mol object at 0x14e096168510>,,,,,,,,,,,,
274,CCCCC(C=O)CCCC(CC)CCCCCc1ccccc1CCO,<rdkit.Chem.rdchem.Mol object at 0x14e096168120>,"['AddAtom', 'InsertAromatic', 'ReplaceAtom']",27,Generation_8_Molecule_274,-0.00000,374.609,<rdkit.Chem.rdchem.Mol object at 0x14e0961dda50>,,,,,,,,,,,,
275,C=C(C)Cc1cccc(CCC(CC)Cc2ccccc2CCCCCC)c1,<rdkit.Chem.rdchem.Mol object at 0x14e0961d8f90>,"['RemoveAtom', 'ReplaceBond', 'RemoveAtom']",28,Generation_8_Molecule_275,0.00000,376.628,<rdkit.Chem.rdchem.Mol object at 0x14e0961cd5f0>,,,,,,,,,,,,
276,CCCCC(=O)CCCc1ccccc1C(CC)Cc1ccccc1CO,<rdkit.Chem.rdchem.Mol object at 0x14e0961d8f20>,"['ReplaceBond', 'ReplaceAtom', 'ReplaceAtom']",27,Generation_8_Molecule_276,-0.00000,366.54499999999996,<rdkit.Chem.rdchem.Mol object at 0x14e0961d69e0>,,,,,,,,,,,,
277,CCCCCCCOC(CC)CCCCCC(CC)c1ccccc1,<rdkit.Chem.rdchem.Mol object at 0x14e096168190>,"['AddAtom', 'InsertAromatic', 'InsertAromatic']",25,Generation_8_Molecule_277,-0.00000,346.59900000000005,<rdkit.Chem.rdchem.Mol object at 0x14e0961d64a0>,,,,,,,,,,,,
278,CCC(O)CCCCCc1ccccc1CCCCCCOC,<rdkit.Chem.rdchem.Mol object at 0x14e0961684a0>,"['RemoveAtom', 'ReplaceBond', 'AddAtom']",23,Generation_8_Molecule_278,-0.00000,320.517,<rdkit.Chem.rdchem.Mol object at 0x14e096168740>,,,,,,,,,,,,
279,CCCCCC=CCC(CC)CC=CCC(CC)c1ccccc1,<rdkit.Chem.rdchem.Mol object at 0x14e096168200>,"['AddAtom', 'InsertAromatic', 'InsertAromatic']",24,Generation_8_Molecule_279,-0.00000,326.568,<rdkit.Chem.rdchem.Mol object at 0x14e0961ddd60>,,,,,,,,,,,,
280,C=C(CCCCCCCC(CC)CCC)CCCCCCC(C)O,<rdkit.Chem.rdchem.Mol object at 0x14e096168900>,"['ReplaceBond', 'ReplaceAtom', 'ReplaceAtom']",24,Generation_8_Molecule_280,-0.00000,338.62,<rdkit.Chem.rdchem.Mol object at 0x14e0961dde40>,,,,,,,,,,,,
281,CC=C(CCC)CCCC=CC(C)CCCCCCCCC,<rdkit.Chem.rdchem.Mol object at 0x14e096168b30>,"['ReplaceBond', 'ReplaceAtom', 'ReplaceAtom']",22,Generation_8_Molecule_281,-0.00000,306.578,<rdkit.Chem.rdchem.Mol object at 0x14e096168970>,,,,,,,,,,,,
282,CCC(O)CCCCCOCCc1cccc(CCCOC)c1,<rdkit.Chem.rdchem.Mol object at 0x14e096168c80>,"['RemoveAtom', 'ReplaceBond', 'AddAtom']",23,Generation_8_Molecule_282,0.00000,322.489,<rdkit.Chem.rdchem.Mol object at 0x14e0961dd9e0>,,,,,,,,,,,,
283,CCOCCCCCCCc1ccc(CC(=O)CC)cc1O,<rdkit.Chem.rdchem.Mol object at 0x14e096168ba0>,"['RemoveAtom', 'ReplaceAtom', 'AddAtom']",22,Generation_8_Molecule_283,0.00000,306.44599999999997,<rdkit.Chem.rdchem.Mol object at 0x14e096168ac0>,,,,,,,,,,,,
284,C=C(CCCC(C)=C(C)Cc1ccccc1C)C(CCC)Cc1ccc(C)cc1,<rdkit.Chem.rdchem.Mol object at 0x14e0961d8cf0>,"['RemoveAtom', 'AddAtom', 'ReplaceBond']",29,Generation_8_Molecule_284,-0.00000,388.63899999999995,<rdkit.Chem.rdchem.Mol object at 0x14e0961c4f90>,,,,,,,,,,,,
285,CCCCCCCCCCCCCCOCC(CC)CCC,<rdkit.Chem.rdchem.Mol object at 0x14e0961689e0>,"['ReplaceBond', 'ReplaceAtom', 'ReplaceAtom']",22,Generation_8_Molecule_285,-0.00000,312.582,<rdkit.Chem.rdchem.Mol object at 0x14e0961f8f90>,,,,,,,,,,,,
286,CC=CC(CCCCCCCCCCCC(=O)CCCC)OC,<rdkit.Chem.rdchem.Mol object at 0x14e096168580>,"['ReplaceBond', 'ReplaceAtom', 'ReplaceAtom']",23,Generation_8_Molecule_286,-0.00000,324.549,<rdkit.Chem.rdchem.Mol object at 0x14e0961c4d60>,,,,,,,,,,,,
287,CCCCCCCCCCCC(O)CCCC(CC)CCC,<rdkit.Chem.rdchem.Mol object at 0x14e096168890>,"['ReplaceBond', 'ReplaceAtom', 'ReplaceAtom']",22,Generation_8_Molecule_287,-0.00000,312.582,<rdkit.Chem.rdchem.Mol object at 0x14e0961cd040>,,,,,,,,,,,,
288,CCCCCCCOCC=CCCOCC(CC)C(=O)CC,<rdkit.Chem.rdchem.Mol object at 0x14e096168cf0>,"['ReplaceBond', 'ReplaceAtom', 'ReplaceAtom']",22,Generation_8_Molecule_288,-0.00000,312.49399999999997,<rdkit.Chem.rdchem.Mol object at 0x14e0961d8580>,,,,,,,,,,,,
289,CCCCCCOCCCC=CCCCCC(CC)CCC,<rdkit.Chem.rdchem.Mol object at 0x14e096168c10>,"['ReplaceBond', 'ReplaceAtom', 'ReplaceAtom']",22,Generation_8_Molecule_289,-0.00000,310.56600000000003,<rdkit.Chem.rdchem.Mol object at 0x14e0961b7510>,,,,,,,,,,,,
290,CC=CC(CC)CCCCCCCCCCCCC(=O)CCC,<rdkit.Chem.rdchem.Mol object at 0x14e096168f90>,"['ReplaceBond', 'ReplaceAtom', 'ReplaceAtom']",23,Generation_8_Molecule_290,-0.00000,322.577,<rdkit.Chem.rdchem.Mol object at 0x14e0961c72e0>,,,,,,,,,,,,
291,CCC=CCCCCCCCCOCCCC(CC)CCC,<rdkit.Chem.rdchem.Mol object at 0x14e096168350>,"['ReplaceBond', 'ReplaceAtom', 'ReplaceAtom']",22,Generation_8_Molecule_291,-0.00000,310.56600000000003,<rdkit.Chem.rdchem.Mol object at 0x14e0961c44a0>,,,,,,,,,,,,
292,CC=CC(C=CCCCCCCCCCCCCc1ccccc1CC)OC,<rdkit.Chem.rdchem.Mol object at 0x14e096168e40>,"['ReplaceBond', 'ReplaceAtom', 'ReplaceAtom']",28,Generation_8_Molecule_292,-0.00000,384.648,<rdkit.Chem.rdchem.Mol object at 0x14e0961cde40>,,,,,,,,,,,,
293,CC=CC(CCCCCCCC=CCC=CCCCC)OC,<rdkit.Chem.rdchem.Mol object at 0x14e09615f190>,"['ReplaceBond', 'ReplaceAtom', 'ReplaceAtom']",22,Generation_8_Molecule_293,-0.00000,306.534,<rdkit.Chem.rdchem.Mol object at 0x14e0961d80b0>,,,,,,,,,,,,
294,CC=CC(CC)CCCCCCCCCCC(C)CC=CCC,<rdkit.Chem.rdchem.Mol object at 0x14e09615f200>,"['ReplaceBond', 'ReplaceAtom', 'ReplaceAtom']",23,Generation_8_Molecule_294,-0.00000,320.605,<rdkit.Chem.rdchem.Mol object at 0x14e0961d83c0>,,,,,,,,,,,,
295,CCCCCC(CCC)CCCCCCCC(O)CCCC(CC)CCCCc1ccccc1CCO,<rdkit.Chem.rdchem.Mol object at 0x14e0961687b0>,"['AddAtom', 'InsertAromatic', 'ReplaceAtom']",37,Generation_9_Molecule_295,-0.00000,516.895,<rdkit.Chem.rdchem.Mol object at 0x14e0961d8820>,,,,,,,,,,,,
296,CCCCCC(CCC)CCCC(CO)CCCCCCCCC=CCCc1ccccc1CCO,<rdkit.Chem.rdchem.Mol object at 0x14e096168270>,"['AddAtom', 'InsertAromatic', 'ReplaceAtom']",36,Generation_9_Molecule_296,-0.00000,500.852,<rdkit.Chem.rdchem.Mol object at 0x14e0961d8c80>,,,,,,,,,,,,
297,CCCCC(=O)C(CCC)CCCCCCCCCCCC(CC)CCCCCc1ccccc1CCO,<rdkit.Chem.rdchem.Mol object at 0x14e096168f20>,"['AddAtom', 'InsertAromatic', 'ReplaceAtom']",38,Generation_9_Molecule_297,-0.00000,528.906,<rdkit.Chem.rdchem.Mol object at 0x14e0961cddd0>,,,,,,,,,,,,
298,CC=C(CCCCCCCCCCCC(CCC)CCCCC)CCCc1ccccc1CCO,<rdkit.Chem.rdchem.Mol object at 0x14e09615f350>,"['AddAtom', 'InsertAromatic', 'ReplaceAtom']",35,Generation_9_Molecule_298,-0.00000,484.853,<rdkit.Chem.rdchem.Mol object at 0x14e096168660>,,,,,,,,,,,,
299,CCCCCCCC=CCC=CCCCCCCCC=CCCCC(CC)CCC,<rdkit.Chem.rdchem.Mol object at 0x14e09615f270>,"['ReplaceBond', 'ReplaceAtom', 'ReplaceAtom']",30,Generation_9_Molecule_299,-0.00000,416.77799999999996,<rdkit.Chem.rdchem.Mol object at 0x14e0961d8ac0>,,,,,,,,,,,,
300,C=CC(CCCCCCCCCCCCC(CCC)OC)CCc1ccccc1C,<rdkit.Chem.rdchem.Mol object at 0x14e09615f4a0>,"['RemoveAtom', 'AddAtom', 'ReplaceBond']",30,Generation_9_Molecule_300,-0.00000,414.71799999999996,<rdkit.Chem.rdchem.Mol object at 0x14e0961d8040>,,,,,,,,,,,,
301,CCCC(CC)CCCCCCCCC=CCC=CCCCCCCCCOC,<rdkit.Chem.rdchem.Mol object at 0x14e096168eb0>,"['ReplaceBond', 'ReplaceAtom', 'ReplaceAtom']",29,Generation_9_Molecule_301,-0.00000,406.73900000000003,<rdkit.Chem.rdchem.Mol object at 0x14e0961d8e40>,,,,,,,,,,,,
302,CCCCOC(CC)CCCC(=O)CCCC(CO)CCc1cccc(CCC)c1,<rdkit.Chem.rdchem.Mol object at 0x14e096168820>,"['RemoveAtom', 'ReplaceBond', 'RemoveAtom']",30,Generation_9_Molecule_302,-0.00000,418.662,<rdkit.Chem.rdchem.Mol object at 0x14e096168040>,,,,,,,,,,,,
303,CCCCC=C(CCC)CCCC(CC)CCCCCc1ccccc1CCO,<rdkit.Chem.rdchem.Mol object at 0x14e09615f3c0>,"['AddAtom', 'InsertAromatic', 'ReplaceAtom']",29,Generation_9_Molecule_303,-0.00000,400.69100000000003,<rdkit.Chem.rdchem.Mol object at 0x14e0961c7a50>,,,,,,,,,,,,
304,CCCCCC(CC)CCCCCCCC(CO)CCc1cc(CCC)ccc1O,<rdkit.Chem.rdchem.Mol object at 0x14e09615f0b0>,"['RemoveAtom', 'ReplaceBond', 'RemoveAtom']",30,Generation_9_Molecule_304,-0.00000,418.70599999999996,<rdkit.Chem.rdchem.Mol object at 0x14e0961dd350>,,,,,,,,,,,,
305,CCCCCC(CC)CCCCCCCC(C)CCc1cccc(CCC)c1,<rdkit.Chem.rdchem.Mol object at 0x14e09615f820>,"['RemoveAtom', 'ReplaceBond', 'RemoveAtom']",28,Generation_9_Molecule_305,-0.00000,386.70799999999997,<rdkit.Chem.rdchem.Mol object at 0x14e09615f510>,,,,,,,,,,,,
306,CCCC(CC)CCCCCCCCCCCC(C)CCc1ccccc1C,<rdkit.Chem.rdchem.Mol object at 0x14e09615f9e0>,"['RemoveAtom', 'AddAtom', 'ReplaceBond']",28,Generation_9_Molecule_306,-0.00000,386.70799999999997,<rdkit.Chem.rdchem.Mol object at 0x14e09615f5f0>,,,,,,,,,,,,
307,CCC=CC(CCC)CCCC(CC)CCCCCc1ccccc1CCO,<rdkit.Chem.rdchem.Mol object at 0x14e09615fa50>,"['AddAtom', 'InsertAromatic', 'ReplaceAtom']",28,Generation_9_Molecule_307,-0.00000,386.664,<rdkit.Chem.rdchem.Mol object at 0x14e0961c4c80>,,,,,,,,,,,,
308,C=C(CCCC(C)=C(C)Cc1ccccc1C)C(CCC)C(C)c1ccc(C)cc1,<rdkit.Chem.rdchem.Mol object at 0x14e09615f430>,"['RemoveAtom', 'AddAtom', 'ReplaceBond']",30,Generation_9_Molecule_308,-0.00000,402.666,<rdkit.Chem.rdchem.Mol object at 0x14e0961d8cf0>,,,,,,,,,,,,
309,CCCCOCCCCC=CC(O)CCc1ccccc1CC(CC)COC,<rdkit.Chem.rdchem.Mol object at 0x14e09615fba0>,"['ReplaceBond', 'ReplaceAtom', 'ReplaceAtom']",28,Generation_9_Molecule_309,-0.00000,390.608,<rdkit.Chem.rdchem.Mol object at 0x14e0961d8dd0>,,,,,,,,,,,,
310,CCCCCC(=CCCCCCC(C)CCc1cccc(CCC)c1)CC,<rdkit.Chem.rdchem.Mol object at 0x14e09615fe40>,"['RemoveAtom', 'ReplaceBond', 'RemoveAtom']",27,Generation_9_Molecule_310,-0.00000,370.66499999999996,<rdkit.Chem.rdchem.Mol object at 0x14e09615fb30>,,,,,,,,,,,,
311,C=CC(CCC)Cc1ccccc1CCC(O)C=CCCCCCCCC,<rdkit.Chem.rdchem.Mol object at 0x14e096168dd0>,"['ReplaceBond', 'ReplaceAtom', 'ReplaceAtom']",27,Generation_9_Molecule_311,-0.00000,370.62100000000004,<rdkit.Chem.rdchem.Mol object at 0x14e0961d8740>,,,,,,,,,,,,
312,CC=CC(C=CCCCCC(=O)CCCCCCCc1ccccc1CC)OC,<rdkit.Chem.rdchem.Mol object at 0x14e09615ff90>,"['ReplaceBond', 'ReplaceAtom', 'ReplaceAtom']",29,Generation_9_Molecule_312,-0.00000,398.631,<rdkit.Chem.rdchem.Mol object at 0x14e096168e40>,,,,,,,,,,,,
313,CCCCOCCC(C)CCCc1cccc(CCc2ccc(C)cc2)c1,<rdkit.Chem.rdchem.Mol object at 0x14e09615fc10>,"['RemoveAtom', 'ReplaceBond', 'RemoveAtom']",27,Generation_9_Molecule_313,-0.00000,366.58900000000006,<rdkit.Chem.rdchem.Mol object at 0x14e09615f040>,,,,,,,,,,,,
314,CCCCCCCC=CCCCc1ccccc1CCc1ccccc1O,<rdkit.Chem.rdchem.Mol object at 0x14e09615fdd0>,"['AddAtom', 'InsertAromatic', 'ReplaceAtom']",27,Generation_9_Molecule_314,-0.00000,364.57300000000004,<rdkit.Chem.rdchem.Mol object at 0x14e09615f900>,,,,,,,,,,,,
315,C=C(C)Cc1cccc(OCC(CC)Cc2ccccc2CCCCCC)c1,<rdkit.Chem.rdchem.Mol object at 0x14e09615fc80>,"['RemoveAtom', 'ReplaceBond', 'RemoveAtom']",28,Generation_9_Molecule_315,0.00000,378.6,<rdkit.Chem.rdchem.Mol object at 0x14e0961d8f90>,,,,,,,,,,,,
316,CCCC=C(C=O)CCCC(CC)CCCCCc1ccccc1CCO,<rdkit.Chem.rdchem.Mol object at 0x14e09615f740>,"['AddAtom', 'InsertAromatic', 'ReplaceAtom']",27,Generation_9_Molecule_316,-0.00000,372.59299999999996,<rdkit.Chem.rdchem.Mol object at 0x14e096168120>,,,,,,,,,,,,
317,C=CC(CCCC)CCCC(=CC)CCCCCc1ccccc1CCO,<rdkit.Chem.rdchem.Mol object at 0x14e096167200>,"['AddAtom', 'InsertAromatic', 'ReplaceAtom']",27,Generation_9_Molecule_317,-0.00000,370.62100000000004,<rdkit.Chem.rdchem.Mol object at 0x14e0961dda50>,,,,,,,,,,,,
318,CCCCCCCCCC(CCc1ccccc1CCc1ccccc1CO)C(=O)CCCC,<rdkit.Chem.rdchem.Mol object at 0x14e096167660>,"['ReplaceBond', 'ReplaceAtom', 'ReplaceAtom']",34,Generation_9_Molecule_318,-0.00000,464.734,<rdkit.Chem.rdchem.Mol object at 0x14e0961d8f20>,,,,,,,,,,,,
319,CCCCCCc1ccccc1CC(C)CCc1cccc(CCC)c1,<rdkit.Chem.rdchem.Mol object at 0x14e096168d60>,"['RemoveAtom', 'ReplaceBond', 'RemoveAtom']",26,Generation_9_Molecule_319,-0.00000,350.59000000000003,<rdkit.Chem.rdchem.Mol object at 0x14e0961683c0>,,,,,,,,,,,,
320,CCCCCCCCCC(CC)CCCCCC(CC)c1ccccc1,<rdkit.Chem.rdchem.Mol object at 0x14e09615f7b0>,"['AddAtom', 'InsertAromatic', 'InsertAromatic']",26,Generation_9_Molecule_320,-0.00000,358.654,<rdkit.Chem.rdchem.Mol object at 0x14e0961d64a0>,,,,,,,,,,,,
321,C=C(CCCCCCCC(CC)CCC)CCCCCC(C)O,<rdkit.Chem.rdchem.Mol object at 0x14e09615fd60>,"['ReplaceBond', 'ReplaceAtom', 'ReplaceAtom']",23,Generation_9_Molecule_321,-0.00000,324.59299999999996,<rdkit.Chem.rdchem.Mol object at 0x14e09615fcf0>,,,,,,,,,,,,
322,CC=CC(CCCC=CCCCCCC(=O)CCCC)OC,<rdkit.Chem.rdchem.Mol object at 0x14e09615f580>,"['ReplaceBond', 'ReplaceAtom', 'ReplaceAtom']",22,Generation_9_Molecule_322,-0.00000,308.506,<rdkit.Chem.rdchem.Mol object at 0x14e09615f660>,,,,,,,,,,,,
323,C=CC(CCC)CCCCC=CC(C)CCCCCCCCC,<rdkit.Chem.rdchem.Mol object at 0x14e0961670b0>,"['ReplaceBond', 'ReplaceAtom', 'ReplaceAtom']",23,Generation_9_Molecule_323,-0.00000,320.605,<rdkit.Chem.rdchem.Mol object at 0x14e0961c4b30>,,,,,,,,,,,,
324,C=C(CCCCCCC)CCCCCCCC(CC)CCC,<rdkit.Chem.rdchem.Mol object at 0x14e096167580>,"['ReplaceBond', 'ReplaceAtom', 'ReplaceAtom']",22,Generation_9_Molecule_324,-0.00000,308.59399999999994,<rdkit.Chem.rdchem.Mol object at 0x14e096167430>,,,,,,,,,,,,
325,CC=CC(CC)CCC(CC)CCCCCCCCCCCCCCCC(=O)CCC,<rdkit.Chem.rdchem.Mol object at 0x14e096167270>,"['ReplaceBond', 'ReplaceAtom', 'ReplaceAtom']",31,Generation_9_Molecule_325,-0.00000,434.793,<rdkit.Chem.rdchem.Mol object at 0x14e096168f90>,,,,,,,,,,,,
326,CCC(O)CCCCOCCc1cccc(CCCOC)c1,<rdkit.Chem.rdchem.Mol object at 0x14e096167820>,"['RemoveAtom', 'ReplaceBond', 'AddAtom']",22,Generation_9_Molecule_326,0.00000,308.462,<rdkit.Chem.rdchem.Mol object at 0x14e0961672e0>,,,,,,,,,,,,
327,CC=C(CCC)CCCCC=CC(C)CCCOCCCCC,<rdkit.Chem.rdchem.Mol object at 0x14e0961674a0>,"['ReplaceBond', 'ReplaceAtom', 'ReplaceAtom']",23,Generation_9_Molecule_327,-0.00000,322.577,<rdkit.Chem.rdchem.Mol object at 0x14e0961d63c0>,,,,,,,,,,,,
328,CC=CC(CC)Cc1cccc(CCCCCCCCCC(C)CC=CCC)c1,<rdkit.Chem.rdchem.Mol object at 0x14e0961673c0>,"['ReplaceBond', 'ReplaceAtom', 'ReplaceAtom']",29,Generation_9_Molecule_328,-0.00000,396.703,<rdkit.Chem.rdchem.Mol object at 0x14e09615f200>,,,,,,,,,,,,
329,CCOCCCCCCCCc1ccc(CC(=O)CCO)cc1O,<rdkit.Chem.rdchem.Mol object at 0x14e096167890>,"['RemoveAtom', 'ReplaceAtom', 'AddAtom']",24,Generation_9_Molecule_329,-0.00000,336.472,<rdkit.Chem.rdchem.Mol object at 0x14e0961d8510>,,,,,,,,,,,,
330,CCCC(CCCCO)CCCCCCCC(O)CCCC(CC)CCCCCc1ccccc1CCO,<rdkit.Chem.rdchem.Mol object at 0x14e0961680b0>,"['AddAtom', 'InsertAromatic', 'ReplaceAtom']",38,Generation_10_Molecule_330,-0.00000,532.894,<rdkit.Chem.rdchem.Mol object at 0x14e0961dd900>,,,,,,,,,,,,
331,CCCCC(=O)C(CC=CCCCCCCCC(CC)CCCCCc1ccccc1CCO)CCC,<rdkit.Chem.rdchem.Mol object at 0x14e09615feb0>,"['AddAtom', 'InsertAromatic', 'ReplaceAtom']",37,Generation_10_Molecule_331,-0.00000,512.863,<rdkit.Chem.rdchem.Mol object at 0x14e09615fac0>,,,,,,,,,,,,
332,CCCCCC(CCC)CCCC(CO)CCCCCCCCCCCC(=O)Cc1ccccc1CCO,<rdkit.Chem.rdchem.Mol object at 0x14e09615f970>,"['AddAtom', 'InsertAromatic', 'ReplaceAtom']",38,Generation_10_Molecule_332,-0.00000,530.8779999999999,<rdkit.Chem.rdchem.Mol object at 0x14e0961dddd0>,,,,,,,,,,,,
333,CCCCCC(CCC)CCCCCCCC(O)CCCC(C=CCCc1ccccc1CCO)CC,<rdkit.Chem.rdchem.Mol object at 0x14e096167190>,"['AddAtom', 'InsertAromatic', 'ReplaceAtom']",37,Generation_10_Molecule_333,-0.00000,514.879,<rdkit.Chem.rdchem.Mol object at 0x14e0961687b0>,,,,,,,,,,,,
334,CCCCCC(CCC)CCCCc1ccccc1CCCCCCCC(CC)CCCCCc1ccccc1CCO,<rdkit.Chem.rdchem.Mol object at 0x14e0961677b0>,"['AddAtom', 'InsertAromatic', 'ReplaceAtom']",43,Generation_10_Molecule_334,-0.00000,591.021,<rdkit.Chem.rdchem.Mol object at 0x14e0961cddd0>,,,,,,,,,,,,
335,CC=C(CCCCCCCCCCCCCc1ccccc1CCO)CCCC(CCC)CCCCC,<rdkit.Chem.rdchem.Mol object at 0x14e0961675f0>,"['AddAtom', 'InsertAromatic', 'ReplaceAtom']",37,Generation_10_Molecule_335,-0.00000,512.9069999999999,<rdkit.Chem.rdchem.Mol object at 0x14e0961dd7b0>,,,,,,,,,,,,
336,CCCCCCCCCCCCCC(CCCCCCCCCCCc1ccccc1CCO)C(CCC)CCCCC,<rdkit.Chem.rdchem.Mol object at 0x14e096167040>,"['AddAtom', 'InsertAromatic', 'ReplaceAtom']",43,Generation_10_Molecule_336,-0.00000,599.085,<rdkit.Chem.rdchem.Mol object at 0x14e0961dd740>,,,,,,,,,,,,
337,CCCCCC(CCC)CCCC(C)CCCCCCCCC=CCCc1ccccc1CCO,<rdkit.Chem.rdchem.Mol object at 0x14e09615f890>,"['AddAtom', 'InsertAromatic', 'ReplaceAtom']",35,Generation_10_Molecule_337,-0.00000,484.853,<rdkit.Chem.rdchem.Mol object at 0x14e0961676d0>,,,,,,,,,,,,
338,CC=C(CCCCC=CCCCCCC(CCC)CCCCC)CCCCc1ccccc1CCO,<rdkit.Chem.rdchem.Mol object at 0x14e09615f2e0>,"['AddAtom', 'InsertAromatic', 'ReplaceAtom']",36,Generation_10_Molecule_338,-0.00000,496.86400000000003,<rdkit.Chem.rdchem.Mol object at 0x14e0961d8890>,,,,,,,,,,,,
339,CC=CCCCCCCCCCCCC(CCC)(CCCCC)c1ccccc1CCCc1ccccc1CCO,<rdkit.Chem.rdchem.Mol object at 0x14e096167900>,"['AddAtom', 'InsertAromatic', 'ReplaceAtom']",41,Generation_10_Molecule_339,-0.00000,560.951,<rdkit.Chem.rdchem.Mol object at 0x14e09615f350>,,,,,,,,,,,,
340,CCCCCCOCCC(CCc1ccccc1CCc1ccccc1CO)C(=O)CCCC,<rdkit.Chem.rdchem.Mol object at 0x14e09615f120>,"['ReplaceBond', 'ReplaceAtom', 'ReplaceAtom']",34,Generation_10_Molecule_340,-0.00000,466.70599999999996,<rdkit.Chem.rdchem.Mol object at 0x14e096167660>,,,,,,,,,,,,
341,C=CC(CCC)Cc1ccccc1CCC(O)C=CCCC(=C)Cc1ccccc1CCCCC,<rdkit.Chem.rdchem.Mol object at 0x14e0961679e0>,"['ReplaceBond', 'ReplaceAtom', 'ReplaceAtom']",35,Generation_10_Molecule_341,-0.00000,472.757,<rdkit.Chem.rdchem.Mol object at 0x14e0961682e0>,,,,,,,,,,,,
342,CC=CC(CC)CCC(CC)CCCCCCCC=CCCCCCCC(=O)CCC,<rdkit.Chem.rdchem.Mol object at 0x14e096167ac0>,"['ReplaceBond', 'ReplaceAtom', 'ReplaceAtom']",31,Generation_10_Molecule_342,-0.00000,432.777,<rdkit.Chem.rdchem.Mol object at 0x14e096167270>,,,,,,,,,,,,
343,CCCCCCCCCCC=CCCCCCc1cccc(CCCCCCCC(CC)CCC)c1,<rdkit.Chem.rdchem.Mol object at 0x14e096167d60>,"['ReplaceBond', 'ReplaceAtom', 'ReplaceAtom']",36,Generation_10_Molecule_343,-0.00000,496.90799999999996,<rdkit.Chem.rdchem.Mol object at 0x14e0961d6510>,,,,,,,,,,,,
344,CCCCCCCCCC=CCCCCCCCC=CCCCC(CC)CCC,<rdkit.Chem.rdchem.Mol object at 0x14e096167eb0>,"['ReplaceBond', 'ReplaceAtom', 'ReplaceAtom']",29,Generation_10_Molecule_344,-0.00000,404.76699999999994,<rdkit.Chem.rdchem.Mol object at 0x14e096167c80>,,,,,,,,,,,,
345,CCCCCC(CC)CCCCCCCC(CCc1cc(CCC)ccc1O)C(=O)O,<rdkit.Chem.rdchem.Mol object at 0x14e096167f20>,"['RemoveAtom', 'ReplaceBond', 'RemoveAtom']",31,Generation_10_Molecule_345,-0.00000,432.689,<rdkit.Chem.rdchem.Mol object at 0x14e09615f0b0>,,,,,,,,,,,,
346,CCCCOC(CC)CCC(=O)CCCC(CO)CCc1cccc(CCC)c1,<rdkit.Chem.rdchem.Mol object at 0x14e096172190>,"['RemoveAtom', 'ReplaceBond', 'RemoveAtom']",29,Generation_10_Molecule_346,-0.00000,404.63500000000005,<rdkit.Chem.rdchem.Mol object at 0x14e096167dd0>,,,,,,,,,,,,
347,CC=C(CCC)CCCC=CCCCCCCCC=CCC=CCCCCCCC,<rdkit.Chem.rdchem.Mol object at 0x14e096172270>,"['ReplaceBond', 'ReplaceAtom', 'ReplaceAtom']",30,Generation_10_Molecule_347,-0.00000,414.762,<rdkit.Chem.rdchem.Mol object at 0x14e09615f270>,,,,,,,,,,,,
348,C=CC(CCCCCCc1cccc(CCCCCCC(CCC)OC)c1)CCc1ccccc1C,<rdkit.Chem.rdchem.Mol object at 0x14e0961723c0>,"['RemoveAtom', 'AddAtom', 'ReplaceBond']",36,Generation_10_Molecule_348,-0.00000,490.81600000000003,<rdkit.Chem.rdchem.Mol object at 0x14e09615f4a0>,,,,,,,,,,,,
349,C=CC(CC)CCCCCCCCCCCCC(C=C)CCc1ccccc1C,<rdkit.Chem.rdchem.Mol object at 0x14e096167a50>,"['RemoveAtom', 'AddAtom', 'ReplaceBond']",29,Generation_10_Molecule_349,-0.00000,396.703,<rdkit.Chem.rdchem.Mol object at 0x14e096172040>,,,,,,,,,,,,
350,C=CC(CC)CCCCCCCCCCCC=CCCCCCCCCOC,<rdkit.Chem.rdchem.Mol object at 0x14e096167cf0>,"['ReplaceBond', 'ReplaceAtom', 'ReplaceAtom']",28,Generation_10_Molecule_350,-0.00000,392.712,<rdkit.Chem.rdchem.Mol object at 0x14e096167b30>,,,,,,,,,,,,
351,CCCCCCCCCCC=CCCCCCCCCCCC(CC)CCC,<rdkit.Chem.rdchem.Mol object at 0x14e096172200>,"['ReplaceBond', 'ReplaceAtom', 'ReplaceAtom']",28,Generation_10_Molecule_351,-0.00000,392.756,<rdkit.Chem.rdchem.Mol object at 0x14e096167e40>,,,,,,,,,,,,
352,CCCCOC(CC)CCCCCCCC(CO)CCc1cccc(CC)c1,<rdkit.Chem.rdchem.Mol object at 0x14e096172740>,"['RemoveAtom', 'ReplaceBond', 'RemoveAtom']",28,Generation_10_Molecule_352,-0.00000,390.652,<rdkit.Chem.rdchem.Mol object at 0x14e0961725f0>,,,,,,,,,,,,
353,CCCCCC(CCCC(CC)CCCCCc1ccccc1CCO)C(O)CC,<rdkit.Chem.rdchem.Mol object at 0x14e0961724a0>,"['AddAtom', 'InsertAromatic', 'ReplaceAtom']",30,Generation_10_Molecule_353,-0.00000,418.70599999999996,<rdkit.Chem.rdchem.Mol object at 0x14e0961c7a50>,,,,,,,,,,,,
354,CCCCCC(CC)CCOCCCCC(CO)CCc1cccc(CCC)c1,<rdkit.Chem.rdchem.Mol object at 0x14e0961726d0>,"['RemoveAtom', 'ReplaceBond', 'RemoveAtom']",29,Generation_10_Molecule_354,-0.00000,404.679,<rdkit.Chem.rdchem.Mol object at 0x14e0961dd350>,,,,,,,,,,,,
355,C=C(C=CC(C)=C(C)Cc1ccccc1C)C(CCC)C(C)c1ccc(C)cc1,<rdkit.Chem.rdchem.Mol object at 0x14e096172900>,"['RemoveAtom', 'AddAtom', 'ReplaceBond']",29,Generation_10_Molecule_355,-0.00000,386.62299999999993,<rdkit.Chem.rdchem.Mol object at 0x14e096172580>,,,,,,,,,,,,
356,CCCC(CC)CCCCCCCCCCCC(C)CCc1ccccc1C,<rdkit.Chem.rdchem.Mol object at 0x14e096172a50>,"['RemoveAtom', 'AddAtom', 'ReplaceBond']",28,Generation_10_Molecule_356,-0.00000,386.70799999999997,<rdkit.Chem.rdchem.Mol object at 0x14e096167970>,,,,,,,,,,,,
357,C=CC(C=CCCCCC(=O)CCCCCCCc1ccccc1CC)OC,<rdkit.Chem.rdchem.Mol object at 0x14e0961729e0>,"['ReplaceBond', 'ReplaceAtom', 'ReplaceAtom']",28,Generation_10_Molecule_357,0.00000,384.604,<rdkit.Chem.rdchem.Mol object at 0x14e096172120>,,,,,,,,,,,,
358,CCCCC(CCC)CCCC(CC)CCCCCc1ccccc1CCC,<rdkit.Chem.rdchem.Mol object at 0x14e096172510>,"['AddAtom', 'InsertAromatic', 'ReplaceAtom']",28,Generation_10_Molecule_358,-0.00000,386.70799999999997,<rdkit.Chem.rdchem.Mol object at 0x14e0961c4c80>,,,,,,,,,,,,
359,C=C(CC)C(Cc1ccc(C)cc1)C(=C)CCCC(C)=C(C)Cc1ccccc1C,<rdkit.Chem.rdchem.Mol object at 0x14e096172c10>,"['RemoveAtom', 'AddAtom', 'ReplaceBond']",30,Generation_10_Molecule_359,-0.00000,400.65,<rdkit.Chem.rdchem.Mol object at 0x14e0961d8cf0>,,,,,,,,,,,,
360,CCOCCCCCCC=CC(O)CCc1ccccc1CC(CC)COC,<rdkit.Chem.rdchem.Mol object at 0x14e096172ac0>,"['ReplaceBond', 'ReplaceAtom', 'ReplaceAtom']",28,Generation_10_Molecule_360,-0.00000,390.608,<rdkit.Chem.rdchem.Mol object at 0x14e0961d8dd0>,,,,,,,,,,,,
361,CCCCCC(CC)CCC=CCCCC(C)CCc1cccc(CCC)c1,<rdkit.Chem.rdchem.Mol object at 0x14e096172dd0>,"['RemoveAtom', 'ReplaceBond', 'RemoveAtom']",28,Generation_10_Molecule_361,-0.00000,384.692,<rdkit.Chem.rdchem.Mol object at 0x14e0961d8ba0>,,,,,,,,,,,,
362,CCCCCC(CC)CCCCCCCCCCc1cccc(CCC)c1,<rdkit.Chem.rdchem.Mol object at 0x14e0961bb2e0>,"['RemoveAtom', 'ReplaceBond', 'RemoveAtom']",27,Generation_10_Molecule_362,-0.00000,372.681,<rdkit.Chem.rdchem.Mol object at 0x14e096172890>,,,,,,,,,,,,
363,CCCC(CC)CCCCCCCC=CCCC(C)CCc1ccccc1C,<rdkit.Chem.rdchem.Mol object at 0x14e0961bb040>,"['RemoveAtom', 'AddAtom', 'ReplaceBond']",28,Generation_10_Molecule_363,-0.00000,384.692,<rdkit.Chem.rdchem.Mol object at 0x14e09615f9e0>,,,,,,,,,,,,
364,CCCC(CC)Cc1ccccc1CCC(O)C=CCCCCCCOCC,<rdkit.Chem.rdchem.Mol object at 0x14e0961bb200>,"['ReplaceBond', 'ReplaceAtom', 'ReplaceAtom']",28,Generation_10_Molecule_364,-0.00000,388.636,<rdkit.Chem.rdchem.Mol object at 0x14e0961cdeb0>,,,,,,,,,,,,
